id,name,x,y,p_age,p_sex,caretaking,digital_entertainment,drop_off_pick_up,eating_cooking,entertainment,errands,exercising,household,resting,self_care,shopping,sleeping,socializing,working,coworking,gastronomy,home_office,working_studying,waiting,online_shopping,leisure,overnight_stay,studying,chores
100001,participant 100001,2586078.5444559087,1220168.97207269,age_18_40,female,0.011333333333333334,0.012,0.0033333333333333335,0.018666666666666668,0.043333333333333335,0.004,0.008666666666666666,0.008,0.356,0.004,0.006,0.248,0.0013333333333333333,0.22333333333333333,0,0,0,0,0,0,0,0,0,0
100002,participant 100002,2634929.5327213975,1243989.1688033033,age_41_55,female,0.02894438138479001,0.06384790011350738,0.0031214528944381384,0.060158910329171394,0.024971623155505107,0.0022701475595913734,0.01872871736662883,0.022985244040862655,0.017309875141884222,0.043416572077185016,0.014472190692395005,0.3822360953461975,0.0405788876276958,0.07548240635641316,0.00340522133938706,0.0340522133938706,0.1177639046538025,0,0.0019863791146424517,0,0,0,0.015607264472190692,0
100003,participant 100003,2631654.515438217,1241205.318153461,age_41_55,female,0.014759192128430864,0.06784049715173485,0,0.1020196789228379,0.005696530295183843,2.589331952356292e-4,0.002330398757120663,0.07327809425168307,0.050491973070947695,0.06033143448990161,0.010875194199896427,0.33013982392542723,0.03158984981874676,0.10952874158467116,0,0.015018125323666495,0.017348524080787155,0,2.589331952356292e-4,7.767995857068876e-4,0,0,0,0
100004,participant 100004,2626406.0860420987,1198086.4216195156,age_18_40,female,0.026359693026359692,0.025025025025025027,0.004004004004004004,0.1404738071404738,0.06506506506506507,0.007674341007674341,0.033700367033700364,0.11444778111444778,0.017350684017350685,0.020353687020353686,0.014014014014014014,0.331664998331665,0.0373707040373707,0.09876543209876543,0,0.022022022022022022,0,0,0.009342676009342675,0,0,0,0,0
100005,participant 100005,2609860.355664657,1266563.717270535,age_56_65,male,0.007231703789412786,0,0.0014463407578825572,0.06884582007520972,0.006653167486259763,0.026612669945039052,0.003181949667341626,0.01417413942724906,0.08446630026034134,0.03413364188602835,0.008678044547295342,0.35377494937807347,0.048018513161700895,0.21319062771188893,0.01041365345675441,0.04194388197859416,0.021405843216661846,0,0.004339022273647671,0,0,0,0,0
100006,participant 100006,2600338.114683625,1208229.5448753939,age_56_65,female,0.009275959804174182,0.02035557845916001,0,0.08296830713733575,0.014429270806493172,7.729966503478485e-4,0.013140943055913424,0.011852615305333677,0.04741046122133471,0.052821437773769644,0.012110280855449627,0.35841278021128575,0.0760113372842051,0.054625096624581294,0.13682040711156918,0.018036588508116465,0,0,0.011079618654985829,0,0,0,0,0
100007,participant 100007,2686759.965260074,1213561.9919338017,age_18_40,female,0,0,0,0.13097155126140633,0,0,0,0,0,0,0.015029522275899088,0,0,0,0,0,0,0.18625872249060654,0.0042941492216854536,0,0.2163177670424047,0.44605475040257647,0,0
100008,participant 100008,2689022.839767847,1285584.4213148777,age_56_65,female,0,0.01678951678951679,0,0.05118755118755119,0.03276003276003276,0.005733005733005733,0.029484029484029485,0.027436527436527438,0.020884520884520884,0.04791154791154791,0.011056511056511056,0.36609336609336607,0.014742014742014743,0.06183456183456183,0.011056511056511056,0.029893529893529894,0.06838656838656838,0,0.004914004914004914,0,0,0,0.0036855036855036856,0
100009,participant 100009,2680777.6014507096,1252921.4146656566,age_56_65,female,0,0.06572295247724974,0,0.11375126390293225,0.04802831142568251,5.055611729019212e-4,0.037917087967644085,0.05611729019211325,0.012639029322548028,0.06117290192113246,0.005561172901921132,0.36754297269969666,0.033367037411526794,0.04196157735085945,0.019211324570273004,0.04853387259858443,0.01820020222446916,0,0.012639029322548028,0,0,0,0.00910010111223458,0
100010,participant 100010,2626406.0860420987,1198086.4216195156,age_41_55,male,0,0.15470171890798787,0,0.07305358948432761,0,0.006572295247724975,0,0,0,0.010364004044489384,0.004044489383215369,0.2874115267947422,0,0.15242669362992922,0,0,0,0.03943377148634985,0.0012639029322548028,0,0.16557128412537916,0.042467138523761376,0,0.06243680485338726
100011,participant 100011,2668048.7267201934,1257703.6535336624,age_18_40,female,0,0,0,0.015232974910394265,0,0.2682198327359618,0,0,0,0,0.0047789725209080045,0,0,0,0,0,0,0.16487455197132617,0.0035842293906810036,0,0.25,0.29330943847072877,0,0
100012,participant 100012,2679750.9225934455,1246441.5828564656,age_18_40,female,0,0,0,0,0,0,0,0,0,0,0.0031082226617688614,0,0,0,0,0,0,0.2189884148064425,0,0,0.5360271263068663,0.2418762362249223,0,0
100014,participant 100014,2616051.8418971747,1177417.7731337382,age_41_55,male,0,0.11425307055127107,0,0.10711225364181662,0.025135675521279634,0,0,0.0614110254213082,0.005427020851185376,0,0.010568409025992574,0.33676092544987146,0.014852899171665239,0.14024564410168525,0,0.017423593259068837,0,0,0.0028563267637817767,0,0,0,0.008283347614967152,0
100015,participant 100015,2613335.819765948,1185627.5616645645,age_18_40,female,0,0,0,0.0865430337612934,0.04850213980028531,0.015216357584403234,0.0475511174512601,0,0.018544935805991442,0.05515929624346172,0.008559201141226819,0.34427009034712314,0.10889205896338564,0,0.2187351402757965,0.03185924869234427,0,0,0.0038040893961008085,0,0,0,9.510223490252021e-4,0
100016,participant 100016,2605162.515523937,1174681.8458724169,age_18_40,male,0,0,0,0.0603448275862069,0,0.006226053639846743,0,0,0,0,0.01053639846743295,0,0,0,0,0,0,0.3251915708812261,0.004310344827586207,0,0.257183908045977,0.33620689655172414,0,0
100017,participant 100017,2691369.6506658164,1236884.3850504898,age_18_40,male,0,0.05894995394534848,3.0703101013202335e-4,0.01750076757752533,0.01381639545594105,3.0703101013202335e-4,0.04513355848940743,0.009517961314092724,0.05618667485416027,0.01903592262818545,0.003070310101320233,0.4000614062020264,0.05280933374270801,0.23856309487258212,0,0.02026404666871354,0.009824992324224747,0,3.0703101013202335e-4,0.0021492170709241634,0,0,0.00552655818237642,0
100018,participant 100018,2614116.7013231814,1178262.6345892427,age_56_65,male,0,0,0.00603708495040966,0.13152220784821045,0.01207416990081932,0.10866752910737387,0.004312203536006899,0,0.08495040965933592,0.01078050884001725,0.01250539025442001,0.3152220784821044,0.086244070720138,0,0.0944372574385511,0.009055627425614488,0,0,0.008624407072013798,0,0,0,0,0
100019,participant 100019,2689022.839767847,1285584.4213148777,age_18_40,female,0.003115264797507788,0.023141967067200713,0,0.03426791277258567,0.08455718736092568,0.08811748998664887,0.015131286159323543,0.010235870048954161,0.0258121940364931,0.01602136181575434,0.006675567423230975,0.4098798397863818,0.10013351134846461,0.14686248331108145,0.017356475300400534,0.016911437472185136,0,0,0.0017801513128615932,0,0,0,0,0
100020,participant 100020,2683057.39878745,1264651.3896399955,age_18_40,female,0.1578640210096294,0.023344032681645754,0,0.09950393930551503,0.030930843303180626,0.036766851473592065,0.011380215932302306,0.01925882696235775,0.02159323023052232,0.029180040852057193,0.013422818791946308,0.3411146775605486,0.10213014298220018,0.018967026553837175,0,0.028304639626495477,0,0,0.013422818791946308,0,0,0,0,0
100021,participant 100021,2681948.462718665,1250225.7658723684,age_56_65,male,0,0.03677663601946998,0,0.0905895078420768,0,0.010005408328826392,0,0,0,0.01568415359653867,0.0048674959437533805,0.206598161168199,0,0.19605191995673338,0,0,0,0.12060573282855598,2.7041644131963225e-4,0,0.1760411032990806,0.12898864250946457,0,0.01352082206598161
100022,participant 100022,2624647.8837234993,1257807.776279986,age_18_40,female,0.0015432098765432098,0.037037037037037035,0,0.037037037037037035,0.08950617283950617,0,0.06018518518518518,0.023148148148148147,0.032407407407407406,0.013888888888888888,0.006172839506172839,0.3101851851851852,0.10030864197530864,0.007716049382716049,0,0,0,0,0.010802469135802469,0,0,0,0.040123456790123455,0
100023,participant 100023,2688757.3859744514,1253302.2100863198,age_18_40,female,0,0,0,0.12551768079006054,0.057980248486779226,0,0.03185727938834024,0,0.0063714558776680474,0.028671551449506213,0.003822873526600828,0.3434214718063077,0.07868748008920039,0,0,0.028990124243389613,0,0,0.005734310289901242,0,0,0,0.2035680152914941,0
100024,participant 100024,2695068.3423541416,1288830.336188192,age_41_55,female,0,0,0,0.09297177642501384,0,0.052296624239070284,0,0,0,0,0.01162147205312673,0,0,0,0,0,0,0.22883231876037632,0.001936912008854455,0,0.2542888765910349,0.3580520199225235,0,0
100025,participant 100025,2639263.524696913,1237419.181197649,age_56_65,female,0.03520408163265306,0.016581632653061226,0,0.07142857142857142,0.04566326530612245,0.004846938775510204,0.031122448979591835,0.031377551020408165,0.01913265306122449,0.05586734693877551,0.013520408163265307,0.3278061224489796,0.029336734693877552,0.24668367346938774,0,0.010459183673469388,0,0,0.004081632653061225,0,0,0,0,0
100026,participant 100026,2759046.6907460913,1173905.1983256328,age_41_55,female,0,0,0.00506842372022301,0.05727318803852002,0.20881905727318803,0.006588950836289914,0.006588950836289914,0,0.08160162189559048,0.039533705017739486,0.025342118601115054,0.33705017739483023,0.0030410542321338066,0,0.12721743537759755,0.021794221996958945,0,0,0.0015205271160669033,0,0,0,0,0
100027,participant 100027,2611899.5981972227,1265545.0898289152,age_18_40,female,0,0.03303471444568869,0,0.05011198208286674,0,0.004759238521836506,0,0,0,0.07782754759238522,0.009798432250839866,0.416013437849944,0,0.2085666293393057,0,0,0,0,0.0022396416573348264,0,0.14193729003359462,0,0,0.05291153415453528
100028,participant 100028,2624658.870627238,1231698.3784515206,age_41_55,male,0,0.14321990858303707,0,0.06780091416962926,0.028440832910106652,5.078720162519045e-4,0,0.003809040121889284,0.008633824276282377,0.023616048755713562,0.009903504316912138,0.3331640426612494,0.08786185881157949,0.27628237684103607,0,0.006094464195022855,0,0,7.618080243778568e-4,0,0,0,0,0
100029,participant 100029,2672423.1111151236,1250577.4508190816,age_56_65,male,0,0,0,0.051531213191990576,0,0.012073027090694936,0,0,0,0,0.004711425206124852,0,0,0,0,0,0,0.28975265017667845,0.0076560659599528855,0,0.28857479387514723,0.3457008244994111,0,0
100030,participant 100030,2704938.585024184,1265309.0582365596,age_41_55,male,0,0,0.009537784299339692,0.10564930300807043,0.043286867204695524,0.05722670579603815,0,0.012472487160674981,7.336757153338225e-4,0.00293470286133529,0.03008070432868672,0.43800440205429203,0.08730741012472487,0.07116654438738078,0,0.05135730007336757,0,0,0.04842259721203228,0,0,0,0.01760821716801174,0
100031,participant 100031,2686129.1855567284,1243857.5925088213,age_41_55,female,0,0.17571964956195243,0.0010012515644555694,0.06833541927409262,0.024030037546933666,0.004755944931163955,0.01376720901126408,0.03754693366708386,0.006257822277847309,0.04856070087609512,0.008760951188986232,0.3471839799749687,0.03554443053817272,0.10212765957446808,0,0.004005006257822278,0.11714643304130162,0,5.006257822277847e-4,0,0,0,0,0
100032,participant 100032,2679750.9225934455,1246441.5828564656,age_41_55,female,0,0,0,0.06044678055190539,0.00788436268068331,0.02890932982917214,0,0,0.060884800700832235,0.011826544021024968,0.00788436268068331,0.38107752956636004,0.06176084099868594,0,0,0.022339027595269383,0,0,0,0,0,0,0,0
100033,participant 100033,2695230.195400735,1259887.724546595,age_18_40,female,0.004606968039159228,0.11171897494961129,0,0.04261445436222286,0.05701122948459545,0.0028793550244745176,0,0.03570400230348402,0.007486323063633746,0.04981284192340916,0.004606968039159228,0.35387273250791823,0.02303484019579614,0.24071408004606967,0.03253671177656205,0.009789807083213361,0,0,0.006046645551396487,0.006334581053843939,0,0,0,0
100034,participant 100034,2689022.839767847,1285584.4213148777,age_56_65,female,0,0.08937017674881753,0,0.13741598207617625,0,0.008961911874533234,0,0,0,0.08364451082897685,0.005725665919840677,0.32935026138909634,0,0.1590739357729649,0,0,0,0,0,0,0.07991038088125467,0,0,0.0908638287279064
100035,participant 100035,2683921.594342762,1242147.138212197,age_56_65,female,0,0,0,0.008456659619450317,0,0.014094432699083862,0,0,0,0,0.009866102889358703,0,0,0,0,0,0,0.008456659619450317,0.006342494714587738,0,0.2988019732205779,0.6539816772374912,0,0
100036,participant 100036,2667218.7383611146,1209593.0990407509,age_56_65,male,0,0.0640861317610869,0,0.07100743399128429,0.012048192771084338,2.563445270443476e-4,0.011279159189951295,0.03793899000256345,0.03332478851576519,0.0371699564214304,0.007690335811330428,0.3065880543450397,0.03819533452960779,0.24327095616508587,0.036657267367341706,0.029223276083055628,0.019482184055370416,0,0.002563445270443476,0,0,0,0,0
100037,participant 100037,2690565.3615932604,1215010.8145483334,age_18_40,female,0,0.0052986512524084775,4.816955684007707e-4,0.06358381502890173,0.02697495183044316,0.001445086705202312,0.04383429672447013,0.009633911368015413,0,0.020712909441233142,0.010597302504816955,0.31502890173410403,0.06213872832369942,0.09971098265895954,0,0.011078998073217727,0.0052986512524084775,0,4.816955684007707e-4,0,0,0,0.05443159922928709,0
100038,participant 100038,2681706.1531628924,1269746.6935649896,age_41_55,male,0,0.10229159747592162,0,0.0591165725672534,0.053802723347725005,0.001328462304882099,0.016605778811026237,0.004649618067087346,0.027897708402524077,0.038857522417801396,0.004649618067087346,0.34540019926934573,0.04749252739953504,0.10793756227167055,0,0.007970773829292593,0.1584191298571903,0,9.963467286615742e-4,0,0,0,0,0
100039,participant 100039,2658224.620928616,1259803.8402099758,age_56_65,female,0,0,0,0.0869896018260208,0,0.004818665990362668,0,0,0,0,0.00760841998478316,0,0,0,0,0,0,0.33045904133908194,0.004311437991377124,0,0.1595232056809536,0.40628962718742073,0,0
100040,participant 100040,2683057.39878745,1264651.3896399955,age_56_65,female,0,0,0,0.07726075504828797,0.02897278314310799,0.053555750658472345,0,0,8.77963125548727e-4,0.02370500438981563,0.04741000877963126,0.38893766461808604,0.08955223880597014,0,0.1826163301141352,0.012291483757682178,0,0,0.01755926251097454,0,0,0,0.004389815627743635,0
100041,participant 100041,2607443.5716707823,1266040.9337220679,age_18_40,female,0.02891626854412874,0.0663816947447825,0.00352024138798089,0.11465929092280613,0.02187578576816696,5.028916268544129e-4,0.07342217752074429,0.032185064118682424,0.043248679909479504,0.05556952476741262,0.008800603469952225,0.30776967563490065,0.05355795825999497,0.14332411365350767,0.017098315313050037,0.005280362081971335,0,0,0.004274578828262509,0.0020115665074176515,0,0,0,0
100042,participant 100042,2739105.9257493946,1239856.1987867118,age_41_55,female,0,0.016818500350385426,0,0.0795374912403644,0,0.016468114926419062,0,0,0,0.014716187806587245,0.009110021023125438,0.23090399439383322,0,0.161177295024527,0,0,0,0.11878065872459706,3.50385423966363e-4,0,0.08444288717589349,0.23090399439383322,0,0.03679046951646812
100043,participant 100043,2709706.5495881033,1268480.601241962,age_18_40,female,0.33271767810026387,0,0.0031662269129287598,0.07414248021108179,0.0395778364116095,0.023482849604221635,0.023746701846965697,0,0.017941952506596307,0.028759894459102903,0.031134564643799472,0.28680738786279686,0.09076517150395778,0,0,0.011873350923482849,0,0,0.0015831134564643799,0,0,0,0.0021108179419525065,0
100044,participant 100044,2707265.5927848155,1228311.9687370274,age_18_40,male,0,0.031423290203327174,0,0.12014787430683918,0,0.011090573012939002,0,0,0,0.009242144177449169,0.0036968576709796672,0.12939001848428835,0,0,0,0,0,0.23290203327171904,0.006777572396796057,0,0.23105360443622922,0.2174984596426371,0,0.0036968576709796672
100045,participant 100045,2698497.1564274663,1219475.2934256382,age_18_40,male,2.942041776993233e-4,0.0667843483377464,0,0.01500441306266549,0.0023536334215945864,0.0029420417769932335,0,0.025889967637540454,0.12032950867902324,0.020888496616651958,0.0011768167107972932,0.3392174168873198,0.06413651073845249,0.22241835834068843,0.021771109149749928,0.024418946749043838,0.008237716975581053,0,0,0,0,0,0,0
100046,participant 100046,2619028.5621612845,1263193.528210187,age_18_40,male,0.003511852502194908,0.03482587064676617,0,0.0810652619256658,0.06467661691542288,0.021363769388352355,0.009364940005853088,0.048287971905179985,0.03189932689493708,0.03482587064676617,0.01112086625695054,0.40122914837576823,0.07989464442493416,0.1270119988293825,0.001170617500731636,8.77963125548727e-4,0,0,0.001755926251097454,0,0,0,0,0
100047,participant 100047,2683389.498467167,1228501.2020149573,age_18_40,male,0,0,0,0.0874074074074074,0,0.002962962962962963,0,0,0,0,0,0,0,0,0,0,0,0.3940740740740741,0.0024691358024691358,0,0.13333333333333333,0.3797530864197531,0,0
100048,participant 100048,2696616.5484355222,1227581.4141914889,age_41_55,male,0,0,0,0.024933214603739984,0.07123775601068566,0.02404274265360641,0.03873552983081033,0,0.04674977738201247,0.011130899376669634,0.005342831700801425,0.3414959928762244,0.04630454140694568,0,0,0.053428317008014245,0,0,0,0,0,0,0,0
100049,participant 100049,2630912.908229526,1171014.1436447059,age_18_40,female,0.05429723859757989,0.0794291033198883,0.0021718895439031957,0.09587340986658392,0.032578343158547934,0.005584858827179647,0.003102699348433137,0.04902264970524356,0.010549177784672665,0.03506050263729445,0.008687558175612783,0.3741855414210363,0.0589512876202296,0.12596959354638534,0,0.0012410797393732546,0,0,0.003102699348433137,0,0,0,0,0
100050,participant 100050,2615995.809802018,1269885.9155366465,age_41_55,female,0,0.08896466212027278,0,0.17947923124612522,0.008679479231246125,0.005889646621202728,0.024488530688158712,0.07687538747675139,0.013329200247985121,0.04990700557966522,0.012399256044637322,0.3003719776813391,0.007439553626782393,0,0,0.0046497210167389955,0.12275263484190949,0,9.299442033477991e-4,0.002789832610043397,0,0,0.09175449473031617,0
100051,participant 100051,2605257.6316319383,1203866.8864536635,age_41_55,male,0,0,0,0.04320502749410841,0,0,0,0,0,0,0,0,0,0,0,0,0,0.2783451165226499,0.01230688661953391,0,0.20057606703325478,0.465566902330453,0,0
100052,participant 100052,2717442.5066045662,1191366.3628791063,age_41_55,male,0,0.07977293098296982,0,0.03525545264415895,0.014042426053181954,0.0014938751120406335,0,0.009560800717060053,0.09142515685688676,0.018524051389303853,0.00358530026889752,0.31789662384224676,0.04840155363011652,0.30743949805796233,0,0.015536301165222588,0.033761577532118316,0,0,0.0011951000896325067,0,0,0,0
100053,participant 100053,2667218.7383611146,1209593.0990407509,age_41_55,male,0,0.10146041506533436,0,0.07942608250064054,0.0156290033307712,0.004355623879067384,0.007942608250064053,0.02331539841147835,0.029720727645400975,0.033051498847040735,0.006661542403279528,0.36869075070458623,0.033563925185754545,0.196771714066103,0,0.005380476556495004,0.026133743274404306,0,2.5621316935690495e-4,0,0,0,0,0
100054,participant 100054,2691892.3957517035,1206426.3455331936,age_56_65,male,0,0,0,0.04556962025316456,0,0.0180028129395218,0,0,0,0,5.625879043600563e-4,0,0,0,0,0,0,0.30548523206751055,0.002531645569620253,0,0.2320675105485232,0.3957805907172996,0,0
100055,participant 100055,2683189.5158530595,1210941.4241249193,age_56_65,male,0,0.14276228419654716,0,0.11952191235059761,0,0,0,0,0,0.055776892430278883,0.00597609561752988,0.4701195219123506,0,0.07436918990703852,0,0,0,0.013944223107569721,0.010624169986719787,0,0.08565737051792828,0,0,0.0199203187250996
100056,participant 100056,2720220.265983565,1273858.7556545818,age_56_65,male,0,0.023148148148148147,0,0.12152777777777778,0,0.005208333333333333,0,0,0,0.01273148148148148,0.004629629629629629,0.1394675925925926,0,0.1371527777777778,0,0,0,0.1892361111111111,5.787037037037037e-4,0,0.20833333333333334,0.1545138888888889,0,0.003472222222222222
100057,participant 100057,2695712.715504705,1254077.5362338887,age_56_65,male,0,0.05548353642727508,0,0.06896551724137931,0.02929738138449572,0.003629764065335753,0.036297640653357534,0.054705729841846,0.030852994555353903,0.032667876588021776,0,0.32823437905107594,0.03214933886440238,0.132486388384755,0,0.014778325123152709,0.1545242416385792,0,0,0,0,0,2.5926886180969663e-4,0
100058,participant 100058,2612668.6657295516,1220855.020312406,age_18_40,male,0,0,0,0.07260201377848437,0,0.001589825119236884,0,0,0,0,0.006094329623741388,0,0,0,0,0,0,0.27874933757286696,0,0,0.28139904610492844,0.3595654478007419,0,0
100059,participant 100059,2680584.9119383,1281814.1239967877,age_41_55,male,0,0.019072769953051644,0,0.13086854460093897,0,0.006455399061032864,0,0,0,0.01056338028169014,0.0038145539906103286,0.11737089201877934,0,0.09154929577464789,0,0,0,0.0897887323943662,0.017605633802816902,0,0.27992957746478875,0.2300469483568075,0,0
100060,participant 100060,2731032.294333501,1264999.774510516,age_18_40,male,0,0,0,0.06125356125356125,0,0.02231718898385565,0,0,0,0,0.013295346628679962,0,0,0,0,0,0,0.19990503323836656,0.009971509971509971,0,0.31101614434947766,0.38224121557454893,0,0
100061,participant 100061,2603009.9035543096,1203243.6642701973,age_56_65,male,0,0.14108482400461628,0.0014425851125216388,0.07674552798615118,0.032602423542989034,0.010675129832660127,5.770340450086555e-4,0.009521061742642816,0.022504327755337564,0.03721869590305828,0.009521061742642816,0.31765724177726484,0.019907674552798616,0.14945181765724178,0.008366993652625505,0.006635891517599538,0.12550490478938256,0,5.770340450086555e-4,2.8851702250432774e-4,0,0,0,0
100062,participant 100062,2615500.3494166504,1167839.7884228602,age_56_65,male,0.011976047904191617,0.027944111776447105,0,0.09141716566866268,0.037125748502994015,0.019161676646706587,0,0.018363273453093812,0.013173652694610778,0.031137724550898204,0.012375249500998005,0.3437125748502994,0.14011976047904193,0.06027944111776447,0,0.018363273453093812,0.0011976047904191617,0,0.005988023952095809,0.003992015968063872,0,0,0,0
100063,participant 100063,2742069.3067292995,1254734.2023534477,age_over_66,male,0,0,0,0.1462915601023018,0.1483375959079284,0.0792838874680307,0,0,0.0710997442455243,0.08184143222506395,0.01381074168797954,0.2849104859335038,0.1370843989769821,0,0,0.0035805626598465474,0,0,0.01381074168797954,0,0,0,0,0
100064,participant 100064,2667336.045732251,1245122.6483870258,age_56_65,male,0,0.028354856822010107,0,0.06681639528354857,0.08450308815272319,0.0036496350364963502,0.010387422796181921,0.010387422796181921,0.01824817518248175,0.01403705783267827,0.011510387422796182,0.34559236384053904,0.005334081976417743,0.2501403705783268,2.8074115665356543e-4,0.03312745648512072,0.02021336327905671,0,0.0036496350364963502,0,0,0,0,0
100065,participant 100065,2610931.912481266,1201749.5150072472,age_41_55,male,0,0,0,0.13385826771653545,0.1489501312335958,0,0,0.08398950131233596,0,0,0.0013123359580052493,0.3858267716535433,0.010498687664041995,0.15091863517060367,0,0,0.08464566929133858,0,0,0,0,0,0,0
100066,participant 100066,2690409.6794605036,1209773.354945678,age_41_55,female,0.007159294298133469,0.05088212733316287,7.67067246228586e-4,0.09588340577857325,0.011250319611352595,0.006136537969828688,0.008693428790590641,0.05906417795960112,0.028381488110457685,0.021733571976476605,0.003068268984914344,0.3467143952953209,0.023523395551009973,0.0930708258757351,0,0.013295832267962158,0,0,7.67067246228586e-4,7.67067246228586e-4,0,0,0,0
100067,participant 100067,2679203.239797918,1289195.0396120753,age_18_40,male,0.012105263157894737,0,0,0.05921052631578947,0.023157894736842106,0.027894736842105264,0.08526315789473685,0,0.039473684210526314,0.0060526315789473685,0.0013157894736842105,0.34710526315789475,0.10631578947368421,0,0.07105263157894737,0.006842105263157895,0,0,0.0018421052631578947,0,0,0,0.14947368421052631,0
100069,participant 100069,2667945.352584323,1223009.8387603033,age_56_65,female,0,0.003686635944700461,9.216589861751152e-4,0.05898617511520737,0.055299539170506916,0.0032258064516129032,0.07557603686635944,0.008755760368663594,0.06175115207373272,0.02119815668202765,0.035944700460829496,0.3783410138248848,0.0456221198156682,0.1032258064516129,0.05115207373271889,0.05714285714285714,0.016589861751152075,0,0.002304147465437788,0,0,0,0,0
100070,participant 100070,2683350.206072488,1236033.4551021208,age_41_55,male,0,0,0,0.03617834394904459,0,0.05426751592356688,0,0,0,0,0.008152866242038216,0,0,0,0,0,0,0.061656050955414016,0.0489171974522293,0,0.5039490445859872,0.28687898089171976,0,0
100072,participant 100072,2677942.2470834763,1243447.8615077755,age_41_55,male,0.04054421768707483,0.021768707482993196,0.01578231292517007,0.07891156462585033,0.024489795918367346,0.0024489795918367346,0,0.05959183673469388,0.00598639455782313,0.04789115646258504,0.0035374149659863946,0.2960544217687075,0.054965986394557825,0.17877551020408164,0.01578231292517007,0.008707482993197279,0.08897959183673469,0,0.005714285714285714,0.0019047619047619048,0,0,0.0013605442176870747,0
100073,participant 100073,2674424.9149086312,1234981.1737313757,age_41_55,female,0,0.04263382283278067,0,0.09000473709142587,0,0.005684509711037423,0,0,0,0.041212695405021316,0.008053055423969682,0.3410705826622454,0,0.1350071056371388,0,0,0,0.015632401705352912,0.006631927996210327,0,0.13405968735196588,0,0,0.15774514448128849
100074,participant 100074,2609860.355664657,1266563.717270535,age_56_65,female,0.03908969210174029,0.019544846050870146,0.0013386880856760374,0.12690763052208837,0.02570281124497992,0.003748326639892905,0.009906291834002677,0.10147255689424364,0.04524765729585007,0.014457831325301205,0.016867469879518072,0.37456492637215527,0.02436412315930388,0,0,0.035609103078982594,0,0,0.0034805890227576973,0,0,0,0,0
100075,participant 100075,2693003.5529912636,1258959.129531665,age_41_55,female,0,0.09776688453159041,0,0.10103485838779956,0.02505446623093682,0.004901960784313725,0.004084967320261438,0.061002178649237473,0.02968409586056645,0.05092592592592592,0.004629629629629629,0.309640522875817,0.07516339869281045,0.16993464052287582,0,0.02696078431372549,0,0,0.0010893246187363835,0.0016339869281045752,0,0,0.012254901960784314,0
100076,participant 100076,2712291.1226719483,1238608.3942069542,age_18_40,male,0,0,0,0,0.03144171779141104,0.004601226993865031,0.01763803680981595,0,0.0651840490797546,0,0.01303680981595092,0.04984662576687116,0,0.2561349693251534,0,0.08128834355828221,0,0,7.668711656441718e-4,0,0,0,0.0352760736196319,0
100077,participant 100077,2601120.568542685,1196878.607802785,age_41_55,female,0.010227801022780102,0.023709902370990237,0,0.07763830776383078,0.04416550441655044,0.012552301255230125,0.017666201766620176,0.02185030218503022,0.008833100883310088,0.029753602975360297,0.016736401673640166,0.3319386331938633,0.10553231055323105,0.19758251975825197,0.02185030218503022,0,0.023245002324500233,0,0.0041841004184100415,0,0,0,0.01208740120874012,0
100078,participant 100078,2609378.4334310736,1198061.969799788,age_56_65,female,0.03615702479338843,0,6.887052341597796e-4,0.0912534435261708,0.04924242424242424,0.023760330578512397,0.03581267217630854,0,0.030647382920110194,0.03581267217630854,0.025137741046831957,0.3543388429752066,0.06680440771349862,0,0.20764462809917356,0.004132231404958678,0,0,0.002066115702479339,0,0,0,0.013085399449035813,0
100079,participant 100079,2670627.3726165853,1213896.8318706304,age_18_40,male,0.00408059168579444,0,0,0.012751849018107626,0.029839326702371844,0.011731701096659015,0.010966590155572558,0,0.3080846722774802,0.011221627135934711,0.0354501402703392,0.309359857179291,0.051262433052792655,0,0.15888803876562102,0.006885998469778117,0,0,5.10073960724305e-4,0,0,0,0,0
100080,participant 100080,2750127.695762087,1244319.7669455644,age_41_55,male,0,0.022029897718332022,0,0.07998950957251508,0,0.03304484657749803,0,0,0,0.015735641227380016,0.006818777865198007,0.14948859166011014,0,0.14424337791765016,0,0,0,0.11408339889850512,0.01940729084710202,0,0.2024652504589562,0.17256753212693418,0,0.04012588512981904
100082,participant 100082,2698497.1564274663,1219475.2934256382,age_56_65,female,0.029654975762760195,0.021956087824351298,0,0.10122611919019105,0.036213287710293696,0.0037068719703450244,0.07242657542058739,0.06786427145708583,0.044767607641859136,0.039635015682919876,0.015968063872255488,0.38465925292272596,0.06672369546621043,0,0,0.05930995152552039,0,0,0.004847447961220416,0,0,0,0.008839463929284289,0
100084,participant 100084,2681705.509874283,1249089.2019319034,age_41_55,female,0,0.027567567567567567,0,0.06945945945945946,0.023243243243243242,2.702702702702703e-4,0.04945945945945946,0.02189189189189189,0.08351351351351351,0.03135135135135135,0.006216216216216216,0.3816216216216216,0.05675675675675676,0.12216216216216216,0.061621621621621624,0.01783783783783784,0.001081081081081081,0,0.003243243243243243,0.0013513513513513514,0,0,0.002702702702702703,0
100085,participant 100085,2605810.9621426184,1230078.72341725,age_56_65,male,0,0.09203594669972111,9.296560272699101e-4,0.07127362875735978,3.098853424233034e-4,0,0,0.1109389525875426,0,0.050821196157421755,0.008986674930275797,0.31670281995661603,0.06011775643012086,0.22714595599628137,0,0.0018593120545398203,0,0,0.0015494267121165168,0,0,0,0,0
100086,participant 100086,2614878.6660863906,1266691.936704423,age_over_66,male,0.010473946059177796,0.007331762241424456,0,0.12935323383084577,0.06729510343021733,0.01702016234616392,0.06572401152134066,0.015710919088766692,0.056559308719560095,0.03377847604084839,0.031945535480492275,0.32181199266823773,0.061010735794710655,0,0,0.001832940560356114,0,0,0.014401675831369469,0,0,0,0.08536266038229903,0
100087,participant 100087,2762633.5837254827,1195326.4866348293,age_18_40,female,0.020872865275142316,0.012017710309930424,9.487666034155598e-4,0.04459203036053131,0.06736242884250475,0.024351676154332702,0.03510436432637571,0.024984187223276406,0.011385199240986717,0.02118912080961417,0.008538899430740038,0.3545224541429475,0.021505376344086023,0.061669829222011384,0,0.027514231499051234,6.325110689437065e-4,0,6.325110689437065e-4,0,0,0,0.16698292220113853,0
100088,participant 100088,2677569.9961486403,1279882.2626255448,age_18_40,male,0,0,0,0.07440166493236212,0,0.02081165452653486,0,0,0,0,0.001040582726326743,0,0,0,0,0,0,0.2726326742976067,0.019250780437044746,0,0.2611862643080125,0.3506763787721124,0,0
100089,participant 100089,2689898.1265968215,1255081.0181810886,age_18_40,female,0,0,0,0,0,0.011033099297893681,0,0,0,0,0.0010030090270812437,0,0,0,0,0,0,0.25275827482447344,0,0,0.47342026078234706,0.26178535606820463,0,0
100090,participant 100090,2693828.2114931825,1250008.2302975892,age_56_65,male,0,0,0,0.03841387856257745,0.18649318463444858,0.007434944237918215,0.0161090458488228,0,0.09107806691449814,0.024783147459727387,0.013630731102850062,0.2620817843866171,0.00929368029739777,0.10099132589838909,0.08426270136307311,0.04708798017348203,0,0,0,0,0,0,0.03717472118959108,0
100091,participant 100091,2687253.8939542905,1252483.468363226,age_56_65,female,0,0,0,0.05998636673483299,0,0.1929107021131561,0,0,0,0,0.0054533060668029995,0,0,0,0,0,0,0.10224948875255624,0,0,0.3183367416496251,0.3210633946830266,0,0
100093,participant 100093,2721183.614443366,1280943.1643833497,age_41_55,male,0,0,0.0015360983102918587,0.05145929339477726,0.055299539170506916,7.680491551459293e-4,0,0.01152073732718894,0.06989247311827956,0.0015360983102918587,0.007680491551459293,0.21812596006144394,0,0.35714285714285715,0,0.03302611367127496,0.17895545314900155,0,7.680491551459293e-4,0,0,0,0,0
100094,participant 100094,2685440.1805476826,1253894.557433607,age_18_40,female,0.04354354354354354,0,0.0055055055055055055,0.14614614614614616,0.06806806806806807,0.04904904904904905,0.04154154154154154,0,0.052552552552552555,0.08408408408408409,0.016016016016016016,0.4004004004004004,0.010510510510510511,0,0.02252252252252252,0.021021021021021023,0,0,0.004004004004004004,0,0,0,0.031031031031031032,0
100095,participant 100095,2753822.6958619156,1187381.3563842906,age_41_55,male,0,0.01090289608177172,0,0.082793867120954,0,0,0.06541737649063033,0.01737649063032368,0,0.08245315161839864,0.003747870528109029,0.46405451448040885,0.001362862010221465,0.2402044293015332,0,0.02010221465076661,0,0,0.007155025553662692,0,0,0,0,0
100096,participant 100096,2670911.799708789,1216332.3978898306,age_41_55,male,0,0,0,2.5290844714213456e-4,0,0.0015174506828528073,0,0,0,0,0.0015174506828528073,0,0,0,0,0,0,0.3209408194233687,2.5290844714213456e-4,0,0.2900859888720283,0.38543247344461307,0,0
100097,participant 100097,2681271.1678374843,1243111.2686750765,age_18_40,female,0,0.1211963589076723,0.0015604681404421327,0.07048114434330299,0.012483745123537062,0.0015604681404421327,0.011703511053315995,0.02860858257477243,5.201560468140442e-4,0.01482444733420026,0.0039011703511053317,0.3622886866059818,0.04525357607282185,0.152925877763329,0.0023407022106631988,0.04109232769830949,0.11131339401820546,0,0.0023407022106631988,0,0,0,0,0
100098,participant 100098,2671017.524528071,1200990.3667578776,age_41_55,male,0,0.0545,0,0.065,0,0.0025,0,0,0,0.036,0.0055,0.315,0,0.3,0,0,0,0.002,0.0065,0,0.166,0.0195,0,0.0275
100099,participant 100099,2809787.6087679937,1183517.1021598703,age_41_55,male,0,0,0,0.08757225433526011,0,0.012427745664739885,0,0,0,0,0.008959537572254336,0,0,0,0,0,0,0.2725433526011561,0.03930635838150289,0,0.22283236994219655,0.3563583815028902,0,0
100100,participant 100100,2614116.7013231814,1178262.6345892427,age_18_40,male,0,0.06197033898305085,0,0.11917372881355932,0,0.00423728813559322,0,0,0,0.045021186440677964,0.0034427966101694915,0.3490466101694915,0,0.2245762711864407,0,0,0,0.0458156779661017,7.944915254237289e-4,0,0.1072563559322034,0,0,0.03416313559322034
100101,participant 100101,2668901.8273210493,1217028.433826577,age_18_40,female,0.21865596790371114,0,0,0.08074222668004012,0.0160481444332999,0.010030090270812437,0.003510531594784353,0.057673019057171516,0.08475426278836509,0.025075225677031094,0.012036108324974924,0.33901705115346037,0.031093279839518557,0.0802407221664995,0,0.007021063189568706,0.023069207622868605,0,0.0010030090270812437,0,0,0,0,0
100102,participant 100102,2681802.432141122,1259138.926659596,age_18_40,male,0,0.068624216430221055,0,0.05410755526228967,0.007258330583965688,0.0029693170570768723,9.897723523589574e-4,0.008248102936324645,0.05542725173210162,0.017156054107555264,0.008578027053777632,0.26393929396238863,0.038931045859452326,0.053447707027383703,0.0907291322995711,0.0023094688221709007,0.0013196964698119432,0,0.004618937644341801,0,0,0,0.010557571758495546,0
100103,participant 100103,2666167.1339860447,1215821.3553590756,age_56_65,male,0,0.049798503166378814,0,0.09614277489925158,0,0.0051813471502590676,0,0,0,0.05008635578583765,0.009499136442141624,0.3983880253310305,0,0.18451352907311455,0,0,0,0.06822107081174439,0.0020149683362118594,0,0.1070811744386874,0.013816925734024179,0,0.009211283822682787
100104,participant 100104,2679489.047660265,1228018.7050303342,age_18_40,female,0,0.05,0,0.05704225352112676,0.01619718309859155,0,0,0.030985915492957747,0.030985915492957747,0.04154929577464789,0.006338028169014085,0.321830985915493,0.08661971830985915,0.08380281690140845,0.017605633802816902,0.01267605633802817,0,0,0.006338028169014085,0.009859154929577466,0,0,0.22816901408450704,0
100105,participant 100105,2674294.0123049207,1248137.4142020487,age_18_40,male,0,0,0,0.005096131572851517,0.0023164234422052353,0,0.03961084086170952,0,0.0025480657864257587,0.009034051424600417,0.012740328932128793,0.05791058605513088,0.06902941857771601,0.4257586286773222,0,0.018299745193421358,0.015983321751216122,0,0,0,0,0,0,0
100106,participant 100106,2709706.5495881033,1268480.601241962,age_41_55,male,0.0025,0.09055555555555556,0.0030555555555555557,0.09527777777777778,0.07916666666666666,0.006388888888888889,0.011944444444444445,0.059444444444444446,0.015,0.05138888888888889,0.008055555555555555,0.3408333333333333,0.03222222222222222,0.14416666666666667,0.003611111111111111,0.004166666666666667,0.006666666666666667,0,0.0125,0.0025,0,0,0.0125,0
100107,participant 100107,2609709.5902650305,1265116.696688139,age_56_65,male,0.040672859653527495,0.05146874215415516,0,0.05674114988701984,0.024102435350238514,0,0,0.021842832036153653,0.003263871453678132,0.013306552849610846,0.002008536279186543,0.3575194576952046,0.040421792618629174,0.2814461461210143,7.532011046949536e-4,0.012553351744915892,0.04669846849108712,0,7.532011046949536e-4,0.0025106703489831783,0,0,0,0
100108,participant 100108,2677942.2470834763,1243447.8615077755,age_18_40,female,0,0.12301587301587301,0,0.07653061224489796,0,0.0011337868480725624,0,0,0,0.0481859410430839,0,0.3486394557823129,0,0,0,0,0,0.26587301587301587,0.006802721088435374,0,0.08390022675736962,0.030612244897959183,0,0.015306122448979591
100109,participant 100109,2646031.6821263502,1248825.726153536,age_18_40,male,0,0,0,0.0764313507504169,0,0.0038910505836575876,0,0,0,0.013340744858254585,0.0033351862145636463,0.1734296831573096,0,0.11395219566425792,0,0,0,0.09644246803779878,0.0019455252918287938,0,0.1992773763201779,0.3160088938299055,0,2.7793218454697053e-4
100110,participant 100110,2686993.4193898556,1241662.7678753894,age_18_40,female,0,0,0,0.059789750328515114,0,0.052562417871222074,0,0,0,0,0.03810775295663601,0,0,0,0,0,0,0.316688567674113,0,0,0.11366622864651774,0.4191852825229961,0,0
100111,participant 100111,2673497.900181755,1252965.4295348548,age_18_40,male,0.0040683482506102524,0,0.013018714401952807,0.09031733116354759,0.01844317873609981,0.022240303770002714,0.06889069704366693,0,0.004610794684024953,0.01627339300244101,0.030105777054515868,0.34933550311906697,0.02142663411988066,0,0.0029834553837808516,5.424464334147003e-4,0,0,0.007594250067805804,0,0,0,0.042582045023053974,0
100112,participant 100112,2588349.6276841527,1218475.745411447,age_18_40,female,0,0,0,0.02297676793464386,0,2.552974214960429e-4,0,0,0,0,0.010211896859841715,0,0,0,0,0,0,0.12126627521062038,0.07761041613479704,0,0.06407965279550676,0.7035996936430942,0,0
100113,participant 100113,2662541.0172435716,1217394.7935827288,age_41_55,male,0.014219474497681607,0,0.0021638330757341576,0.04389489953632148,0.02936630602782071,0.008346213292117466,0,0,0.22256568778979907,0.0077279752704791345,0.0015455950540958269,0.41020092735703245,0.04049459041731066,0,0.18145285935085007,0.015765069551777436,0,0,0.010510046367851623,0,0,0,0.011746522411128285,0
100114,participant 100114,2615773.7068804656,1263648.431851278,age_56_65,male,0,0.08817533129459736,0,0.059123343527013254,0,0.026248725790010193,0,0,0,0.02089704383282365,0.007390417940876657,0.31982670744138636,0,0.05581039755351682,0,0,0,0.24821610601427116,0.005861365953109072,0,0.08843017329255862,0.009174311926605505,0,0.07033639143730887
100115,participant 100115,2665407.849462048,1250408.912287913,age_41_55,female,0,0.056381342901076374,0,0.07406458226550487,0.05228088159917991,0.004356740133264992,0.009482316760635571,0.03997949769349052,0.01717068170169144,0.04459251665812404,0.004869297796002051,0.3567401332649923,0.09251665812403896,0.17555099948744235,0.004869297796002051,0.025627883136852898,0.021014864172219375,0,0.0033316248077908763,0,0,0,0.008713480266529985,0
100116,participant 100116,2709706.5495881033,1268480.601241962,age_18_40,female,0,0,2.994908655286014e-4,0.020964360587002098,0.029649595687331536,0.01766996106618748,0.014076070679844266,0.006588799041629231,0.21473495058400718,0.033542976939203356,0.004492362982929021,0.1958670260557053,0.0020964360587002098,0.18538484576220426,0,0.03324348607367475,0.07696915244085055,0,8.984725965858042e-4,0,0,0,0,0
100117,participant 100117,2609860.355664657,1266563.717270535,age_41_55,male,0,0.023475823405746322,0.001051156271899089,0.06131744919411353,0.05816398037841626,0.051156271899089,0.00700770847932726,0.009810791871058164,0.04029432375613175,0.0161177295024527,0.007708479327259986,0.35564120532585847,0.014716187806587245,0.2834618079887877,0.013314646110721794,0.005956552207428171,0.00350385423966363,0,0.006306937631394534,0.006306937631394534,0,0,0.012263489838822705,0
100118,participant 100118,2609860.355664657,1266563.717270535,age_56_65,female,0,0.010236220472440945,0,0.09055118110236221,0.018503937007874015,0.023622047244094488,0,0.02125984251968504,0.025590551181102362,0.03858267716535433,0.0027559055118110236,0.371259842519685,0.01811023622047244,0.12913385826771653,0.03937007874015748,0.011811023622047244,0.1220472440944882,0,0.010236220472440945,0,0,0,0,0
100119,participant 100119,2609709.5902650305,1265116.696688139,age_18_40,male,0,0.0884594447468699,0,0.0557974959172564,0,0.009526401741970605,0,0,0,0.020685900925421885,0.001905280348394121,0.3445835601524224,0,0,0,0,0,0.1839956450734894,0.012520413718018509,0,0.19787697332607512,0.08464888405008165,0,0
100120,participant 100120,2676478.137529562,1214701.3518436323,age_41_55,female,0.002564102564102564,0.037037037037037035,0,0.09202279202279202,0.04843304843304843,0.002849002849002849,0.01396011396011396,0.019088319088319088,0.012535612535612535,0.07492877492877494,0.007692307692307693,0.4008547008547009,0.037321937321937323,0.0014245014245014246,0.030484330484330486,0.038176638176638175,0.17150997150997152,0,0.0017094017094017094,0,0,0,0,0
100121,participant 100121,2683389.498467167,1228501.2020149573,age_41_55,male,0.0026961445133459154,0.028848746292801295,0,0.06794284173631707,0.018064168239417634,0,0.004853060124022647,0.008088433540037746,0.013480722566729577,0.016985710434079267,0.0026961445133459154,0.3631706659476948,0.05068751685090321,0.06632515502830952,0,0.032623348611485574,0.17417093556214613,0,0.0029657589646805067,0,0,0,0.04987867349689944,0
100122,participant 100122,2614333.854642137,1239030.667785395,age_18_40,female,0,0,0,0.13076557299096528,0,0.17213504517356157,0,0,0,0,0.0023775558725630053,0,0,0,0,0,0,0.19163100332857821,0.011887779362815026,0,0.1288635282929149,0.362339514978602,0,0
100123,participant 100123,2732047.7058182545,1267255.6966642055,age_41_55,male,0,0,0,0.13282525857376157,0,0.0065323897659227,0,0,0,0,0.008165487207403375,0,0,0,0,0,0,0.4550898203592814,0,0,0.16494284158954817,0.23244420250408274,0,0
100124,participant 100124,2728514.780112192,1256453.9210940804,age_18_40,female,0.18369565217391304,0,5.434782608695652e-4,0.021467391304347827,0.017663043478260868,0.034782608695652174,0.0046195652173913046,0,0.06684782608695652,0.010597826086956521,0.03288043478260869,0.44266304347826085,0.09809782608695652,0,0.04728260869565217,0.022282608695652174,0,0,8.152173913043478e-4,0,0,0,0,0
100125,participant 100125,2615995.809802018,1269885.9155366465,age_over_66,male,0.0014731156395777069,0.18757672477289467,0,0.06039774122268598,0.06948195433341517,0.015467714215565921,0.01080284802356985,0.05843358703658237,0.024060888779769214,0.024060888779769214,0.009084213110729192,0.37368033390621164,0.037318929535968576,0,0,0.00220967345936656,0,0,0.004910385465259023,0.024551927326295114,0,0,0.05524183648416401,0
100126,participant 100126,2612916.0610533464,1207701.2052586414,age_18_40,female,0,0,0,0.1132360342224459,0,0.03724207347760443,0,0,0,0,0.012581781580271767,0,0,0,0,0,0,0.116758933064922,0.011575239053850024,0,0.3704076497232008,0.3381982888777051,0,0
100127,participant 100127,2601556.6046851524,1201377.7521368223,age_56_65,male,0,0.012603982858583312,7.562389715149988e-4,0.048147214519788255,0.14141668767330476,0.015124779430299974,0.012856062515754978,0.030249558860599948,0.017645576002016636,0.03302243508948828,0.0032770355432316612,0.3317368288379128,0.0027728762288883285,0.29921855306276784,0,0.048903453491303255,0,0,0.002268716914544996,0,0,0,0,0
100128,participant 100128,2670073.9067145945,1252328.2365998,age_18_40,female,0,0,0,0.06447368421052632,0.028618421052631578,0.024342105263157894,0.003618421052631579,0,0.04276315789473684,0.030263157894736843,0.004605263157894736,0.40098684210526314,0.09473684210526316,0,0.018092105263157895,0.00625,0,0,0.02138157894736842,0,0,0,0.17828947368421053,0
100129,participant 100129,2675468.0293796794,1205308.4555956733,age_18_40,female,0.0010147133434804667,0.05555555555555555,5.073566717402334e-4,0.047691527143581935,0.023084728564180618,0.0035514967021816335,0.019533231861998984,0.03272450532724505,0.019533231861998984,0.032470826991374935,0.0106544901065449,0.3995433789954338,0.0136986301369863,0.2871638762049721,0,0.015474378488077117,0,0,0.0027904616945712835,0,0,0,0,0
100130,participant 100130,2686581.150559184,1219584.6318532485,age_41_55,female,0.0142967542503864,0,7.727975270479134e-4,0.09157650695517774,0.03284389489953632,0.14219474497681608,0.03323029366306028,0,0.03554868624420402,0.05332302936630603,0.02472952086553323,0.3249613601236476,0.09659969088098919,0,0.08578052550231839,0.006955177743431221,0,0,0.018160741885625966,0,0,0,0.026661514683153014,0
100131,participant 100131,2685440.1805476826,1253894.557433607,age_18_40,female,0.011650485436893204,0,0,0.09902912621359224,0.11553398058252427,0.012135922330097087,9.70873786407767e-4,0,0.012135922330097087,0.028640776699029126,4.854368932038835e-4,0.33640776699029123,0.019417475728155338,0,0.017475728155339806,0.029611650485436892,0,0,0.007281553398058253,0,0,0,0,0
100132,participant 100132,2646664.5234035794,1239569.404682813,age_56_65,male,0.005089058524173028,0.06972010178117048,0.008651399491094147,0.05343511450381679,0.04122137404580153,0.024427480916030534,0.0015267175572519084,0.035114503816793895,0.04631043256997455,0.02188295165394402,0.017302798982188294,0.31246819338422394,0.014758269720101781,0.19491094147582697,0.002035623409669211,0.004580152671755725,0.01984732824427481,0,5.089058524173028e-4,0,0,0,0,0
100133,participant 100133,2613995.2570311306,1258440.1114730407,age_18_40,female,0,0.042208730847065626,0,0.08586296617519515,0,0.021971668112171147,0,0,0,0.06562590344030067,0.062156692685747326,0.3793003758311651,0,0.07776814108123735,0,0,0,0.06562590344030067,0.004625614339404453,0,0.12315698178664354,0.017346053772766695,0,0.040763226366001735
100134,participant 100134,2601120.568542685,1196878.607802785,age_18_40,female,0,0,0,0.026886383347788378,0.027753686036426712,0.13009540329575023,0.026886383347788378,0,0.11535125758889853,0.003469210754553339,0.0026019080659150044,0.396357328707719,0.019080659150043366,0,0.010407632263660017,0.026886383347788378,0,0,0.004336513443191674,0,0,0,0.14310494362532525,0
100135,participant 100135,2584403.8277416113,1192708.440041693,age_56_65,female,0,0,0,0.012636165577342049,0,0.1494553376906318,0,0,0,0,0.012636165577342049,0,0,0,0,0,0,0.22265795206971678,0,0,0.11982570806100218,0.48278867102396517,0,0
100136,participant 100136,2678581.704524537,1248899.1155447322,age_18_40,male,0,0.052937576499388,0,0.07252141982864137,0.014993880048959608,0,0.012545899632802938,0.028151774785801713,0.03610771113831089,0.01988984088127295,0.005201958384332925,0.33047735618115054,0.09608323133414932,0.0927172582619339,0,0.03671970624235006,0.16523867809057527,0,0.006425948592411261,0.0018359853121175031,0,0,0.01744186046511628,0
100137,participant 100137,2599055.796962777,1201085.4253651297,age_18_40,male,0,0,0,0.031746031746031744,0,0.07041847041847042,0,0,0,0,0.02712842712842713,0,0,0,0,0,0,0.27215007215007214,0.0733044733044733,0,0.2611832611832612,0.26406926406926406,0,0
100138,participant 100138,2612563.2631523674,1182596.861408165,age_41_55,female,0.007431874483897605,0,0,0.11037709881640517,0.023947151114781174,0.01211120286264795,0.004404073768235618,0,0.06936416184971098,0.037985136251032205,0.012386457473162676,0.3955408753096614,0.16487751169832093,0,0.04816955684007707,0,0,0,0.0035783099366914397,0,0,0,0.01348747591522158,0
100139,participant 100139,2746743.2765830318,1261222.0683375872,age_56_65,male,0,0.045567522783761395,0,0.11157138911902789,0.01933167633250483,0,0.009665838166252416,0.007180336923501795,0.014084507042253521,0.020712510356255178,0.004694835680751174,0.23916045291355978,0.022093344380005524,0.2767191383595692,0.004971002485501243,0.021817177575255454,0,0,0.0033140016570008283,0,0,0,0.01132283899475283,0
100140,participant 100140,2700272.338084592,1234724.4101562663,age_18_40,female,0.14480488951574988,0.012223789374706159,0.0023507287259050304,0.17348377997179126,0.024917724494593323,0.003291020216267043,0.007522331922896097,0.031029619181946404,0.020686412787964268,0.019746121297602257,0.004231311706629055,0.3319228960977903,0.05030559473436765,0.022096850023507288,0.012693935119887164,0.011283497884344146,0.08368594264221908,0,0.0018805829807240243,0.0028208744710860366,0,0,0,0
100141,participant 100141,2611741.96636834,1269569.6865696246,age_41_55,female,0,0.17242851045667948,0,0.06060606060606061,0.03969270166453265,0.006828851899274435,0,0.012377294067434912,0.030729833546734954,0.014511310285958173,0.002560819462227913,0.3461374306444729,0.09859154929577464,0.09304310712761417,0,0.02731540759709774,0.011096884336320957,0,0,0,0,0,0,0
100142,participant 100142,2762633.5837254827,1195326.4866348293,age_18_40,female,0,0,0,0.10138489678599426,0,0.062973608570682,0,0,0,0,0.018291089626339168,0,0,0,0,0,0,0.22916122288999216,0.005487326887901751,0,0.2534622419649856,0.32923961327410506,0,0
100143,participant 100143,2739642.908033729,1261506.1152043152,age_41_55,male,0.009675858732462506,0.06918238993710692,0,0.06289308176100629,0.021286889211417512,0.011127237542331882,0,0.04692791485244315,0.033865505563618774,0.02080309627479439,0.00725689404934688,0.3333333333333333,0.05176584421867441,0.27189163038219644,0,0.02370585389453314,0,0,0,0.0019351717464925011,0,0,0.003386550556361877,0
100144,participant 100144,2681207.196780537,1247492.3994171424,age_18_40,female,0,0.033677184466019416,0,0.11529126213592233,0,6.067961165048543e-4,0,0,0,0.01699029126213592,0.006371359223300971,0.31856796116504854,0,0.2132888349514563,0,0,0,0.0703883495145631,0.008798543689320388,0,0.16019417475728157,0.02366504854368932,0,0.02154126213592233
100145,participant 100145,2681493.3929532445,1223681.479584552,age_18_40,female,0.006035578144853875,0,3.176620076238882e-4,0.0886277001270648,0.018106734434561626,0.0031766200762388818,0.01397712833545108,0.0054002541296060995,0.04701397712833545,0.0295425667090216,0.0044472681067344345,0.33227445997458704,0.18360864040660738,0.08449809402795426,0.07337992376111817,0,0.06416772554002541,0,0.0025412960609911056,0,0,0,0,0
100146,participant 100146,2694469.222004419,1239629.4978910538,age_56_65,female,0,0.012585034013605442,0,0.1108843537414966,0.09047619047619047,0.002380952380952381,0.004421768707482994,0.05952380952380952,0.022108843537414966,0.02414965986394558,0.004761904761904762,0.2935374149659864,0.0836734693877551,0.18197278911564627,0.02074829931972789,0.013265306122448979,0.011904761904761904,0,0.0027210884353741495,0.004761904761904762,0,0,0.022108843537414966,0
100147,participant 100147,2691941.0101971584,1248517.733512597,age_18_40,male,0.0064037748567576675,0.0064037748567576675,0,0.04010785305021908,0.03707448601280755,0,0.002696326255476913,0.008763060330299966,0.2898550724637681,0.010448264239973037,0.0013481631277384564,0.2527805864509606,0.04010785305021908,0.15874620829120323,0,0.005392652510953826,0.004044489383215369,0,0.004044489383215369,0,0,0,0,0
100148,participant 100148,2671969.560765888,1231906.5438880168,age_41_55,male,0,0,0,0.09268292682926829,0,0.01707317073170732,0,0,0,0,0.007926829268292683,0,0,0,0,0,0,0.26890243902439026,0,0,0.25182926829268293,0.3615853658536585,0,0
100149,participant 100149,2613474.7609235724,1262925.661179324,age_41_55,female,0.002514668901927913,0.11609388097233864,8.382229673093043e-4,0.08717518860016764,0.0016764459346186086,4.1911148365465214e-4,0,0.05993294216261526,0.028499580888516344,0.03394803017602682,0.009220452640402346,0.35331098072087175,0.03562447611064543,0.19740150880134116,0.009639564124056999,0.01173512154233026,0.008382229673093043,0,0.006286672254819782,0,0,0,0,0
100150,participant 100150,2737461.771644395,1266638.395630861,age_18_40,female,0,0.045204288611996525,0,0.07041437264560997,0.04172703564184294,0.006085192697768763,0.011880614314691394,0.038829324833381626,0.0825847580411475,0.028397565922920892,0.02086351782092147,0.35062300782381917,0.03361344537815126,0.23442480440452043,0,0.005215879455230368,0.0049261083743842365,0,0,0,0,0,0,0
100151,participant 100151,2689898.1265968215,1255081.0181810886,age_56_65,male,0,0,0,0.1044839255499154,0.03257191201353638,0.04018612521150592,0.030879864636209814,0,0.021573604060913704,0.0071912013536379014,0.0194585448392555,0.3659052453468697,0.08714043993231811,0,0.15736040609137056,0.014382402707275803,0,0,0,0,0,0,0,0
100152,participant 100152,2686016.792239712,1250604.6830627006,age_41_55,female,0.026926382125465484,0.06387854482956173,0,0.10741907762818677,0.00916642795760527,2.864508736751647e-4,0.011744485820681752,0.10083070753365798,0.01632769979948439,0.03924376969349756,0.01031223145230593,0.3738183901460899,0.13577771412202808,0.040676024061873386,0,0.003150959610426812,0.01518189630478373,0,0.0034374104841019765,0,0,0,8.593526210254941e-4,0
100153,participant 100153,2642947.744713001,1251657.6275519475,age_41_55,female,0,0,0,0.06421278882321332,0,0.2184309511015583,0,0,0,0,0.015045674368619023,0,0,0,0,0,0,0.17490596453519613,0.008328855454056958,0,0.24664159054271897,0.2724341751746373,0,0
100154,participant 100154,2655912.2850571126,1205511.8537719066,age_41_55,male,0,0.07925407925407925,0,0.04108391608391608,0.011072261072261072,0.011946386946386946,0,0.016608391608391608,0.03205128205128205,0.03175990675990676,0.007575757575757576,0.4155011655011655,0.05856643356643357,0.09994172494172494,0.043414918414918416,0.06847319347319347,0.06264568764568765,0,0.004953379953379953,0,0,0,0,0
100155,participant 100155,2712300.6842597616,1233742.418972274,age_56_65,male,0,0,0,0.1363425925925926,0,0.015046296296296295,0,0,0,0,0.04490740740740741,0,0,0,0,0,0,0.33958333333333335,0.011805555555555555,0,0.24027777777777778,0.21203703703703702,0,0
100156,participant 100156,2638290.193542723,1244177.2929469254,age_18_40,female,0,0.29806295399515736,2.4213075060532688e-4,0.02639225181598063,0.0036319612590799033,0,0,0.0026634382566585956,0.015980629539951573,0.015254237288135594,0.001937046004842615,0.32300242130750606,0,0.24745762711864408,0,0.005569007263922518,0,0,0,0,0,0,0,0
100157,participant 100157,2640052.7891666275,1235190.192001987,age_18_40,male,0,0.06284658040665435,0,0.05129390018484288,0.05499075785582255,9.242144177449168e-4,0.028188539741219962,0.013401109057301294,0.05499075785582255,0.04066543438077634,0.0046210720887245845,0.39371534195933455,0.06839186691312385,0.13262476894639558,0,0.02911275415896488,0,0,0.004158964879852125,0,0,0,0.040203327171903884,0
100158,participant 100158,2677958.4514341448,1254715.4431685791,age_41_55,female,0,0.0221606648199446,0,0.06986765158510311,0,0.00554016620498615,0,0,0,0.03631886734379809,0.02708525700215451,0.35149276700523235,0,0.19544475223145583,0,0,0,0.13111726685133887,0.007386888273314866,0,0.07325330871037242,0.03785780240073869,0,0.03693444136657433
100159,participant 100159,2695091.729399663,1234468.3939655765,age_56_65,male,0,0,0,0,0,0,0,0,0,0,0.002770083102493075,0,0,0,0,0,0,0,0.002770083102493075,0,0,0,0,0
100160,participant 100160,2692979.687485233,1266983.1824546028,age_18_40,female,0,0.06409090909090909,0,0.16045454545454546,0,0.0018181818181818182,0,0,0,0.085,0.02909090909090909,0.28545454545454546,0,0,0,0,0,0.004545454545454545,0.01,0,0.17045454545454544,0.06545454545454546,0,0.12272727272727273
100161,participant 100161,2739826.319231106,1268266.5285521848,age_56_65,female,0.0650626906133514,0.014571331751948491,0,0.09454422229752626,0.011860386309725517,0,0,0.05930193154862758,0.014571331751948491,0.049474754320569296,0.007793968146391054,0.3605557438156557,0.016604540833615723,0.17214503558115893,0,0,0.09691629955947137,0,0,0,0,0,0.003049813622500847,0
100162,participant 100162,2608425.515761698,1225754.139270042,age_41_55,male,0,0.07144874329285512,2.824060999717594e-4,0.07427280429257271,0,0.003388873199661113,0.0011296243998870376,0.09573566789042644,0.040948884495905113,0.02005083309799492,0.006777746399322226,0.4236091499576391,0.04857384919514261,0.1926009601807399,0.0011296243998870376,0.006777746399322226,0,0,0.005083309799491669,0,0,0,0,0
100163,participant 100163,2707587.282418723,1274337.7562184292,age_56_65,male,0,0,0,0.01081665765278529,0.014061654948620876,0.016495402920497566,0.012168739859383451,0.012439156300703082,0.03731746890210925,0,0.007030827474310438,0,0,0.24202271498107084,0,0.0013520822065981612,0,0,0.002163331530557058,0,0,0,0,0
100164,participant 100164,2633843.032977857,1126680.7707025714,age_over_66,female,0,0,0,0.12243547319655856,0,0.10655195234943746,0,0,0,0,0.005956320317670417,0,0,0,0,0,0,0.04301786896095301,0.02382528127068167,0,0.3123759099933819,0.385837193911317,0,0
100165,participant 100165,2648068.466302114,1133475.1158415966,age_18_40,male,0,0,0,0.10249457700650759,0,0.056941431670282,0,0,0,0,0.01843817787418655,0,0,0,0,0,0,0.31019522776572667,0.019522776572668113,0,0.36225596529284165,0.1301518438177874,0,0
100166,participant 100166,2721616.237758375,1258070.2798339664,age_18_40,male,0.11333867949746057,0.0016038492381716118,0.0016038492381716118,0.12242715851376637,0.038492381716118684,0.010692328254477412,0.00855386260358193,0.07939053728949479,0.006950013365410318,0.0636193531141406,0.00855386260358193,0.39026998128842555,0.09489441325848703,0.008821170809943865,0,0.024859663191659984,0,0,0.0018711574445335472,0,0,0,0,0
100168,participant 100168,2592215.3503338145,1204719.3973662825,age_18_40,male,0,0.04745857905082842,0,0.06739679865206402,0.035102499297950014,0.009828699803426004,0.03201347935973041,0,0.05363661892726762,0.02948609941027801,2.808199943836001e-4,0.31873069362538614,0.04802021903959562,0,0,0.010671159786576805,0,0,0.03734905925301882,0,0,0,0.02190395956192081,0
100169,participant 100169,2699348.832322966,1264187.8740132372,age_56_65,male,0,0,0,0.07628333811299111,0,0.04416403785488959,0,0,0,0,0.009750501864066534,0,0,0,0,0,0,0.3475767135073129,0.007743045597935188,0,0.189561227416117,0.3249211356466877,0,0
100170,participant 100170,2745606.9760854007,1254367.0411302156,age_41_55,male,0,0,0,0.06391970417326995,0,0.012678288431061807,0,0,0,0,0.01162176439513999,0,0,0,0,0,0,0.4432118330692023,0.004226096143687269,0,0.08716323296354993,0.37717908082408874,0,0
100171,participant 100171,2685440.1805476826,1253894.557433607,age_56_65,male,0,0,0,0.1281446540880503,0,0.02358490566037736,0,0,0,0,0,0,0,0,0,0,0,0.37657232704402516,0,0,0.18160377358490565,0.29009433962264153,0,0
100172,participant 100172,2683121.803954657,1253198.0309924113,age_18_40,male,0,0.004467912266450041,0.011372867587327376,0.10032493907392363,0.019090170593013808,0.00974817221770918,0.03290008123476848,0.021121039805036556,0.07879772542648253,0.008935824532900082,0.011372867587327376,0.2262388302193339,0.01868399675060926,0.22786352558895206,0,0.019902518277822908,0.0036555645816409425,0,0.010154346060113728,0,0,0,0.12266450040617384,0
100173,participant 100173,2635309.7865143996,1241522.2897597614,age_18_40,female,0,0,0,0.027301927194860815,0,0.028907922912205567,0,0,0,0,0.012312633832976445,0,0,0,0,0,0,0.3270877944325482,0.0032119914346895075,0,0.14132762312633834,0.45985010706638113,0,0
100174,participant 100174,2593484.6577522494,1223387.9141608318,age_41_55,female,0,0.03619236489836391,0,0.054784333168071395,0,0.005205751115518097,0,0,0,0.03743182944967774,0.0034705007436787306,0.2424392662369856,0,0.053792761527020325,0,0,0,0.11080813088745661,0.1626177491323748,0,0.12345066931085771,0.16360932077342588,0,0.00421417947446703
100175,participant 100175,2610181.7879503137,1177862.3181948164,age_41_55,male,0.016335420637081405,0.021780560849441872,0,0.08793901442962156,0.022052817860059897,0,0.0057173972229784915,0.10046283691805064,0.013340593520283148,0.05771848625102096,0.002722570106180234,0.31091750612578273,0.08222161720664307,0.19248570650694255,0,0.0051728832017424444,0.024503130955622107,0,0.006534168254832562,0,0,0,0,0
100176,participant 100176,2638756.96001866,1121391.5996845304,age_41_55,male,0,0,0,0.019673704414587333,0.11516314779270634,0.01055662188099808,0.04030710172744722,0,0.1118042226487524,0.0014395393474088292,0.008157389635316698,0.1238003838771593,0.04702495201535509,0,0.28982725527831094,0.011036468330134356,0,0,0,0,0,0,0,0
100177,participant 100177,2689022.839767847,1285584.4213148777,age_18_40,male,0,0.0900735294117647,0,0.0625,0,0,0,0,0,0.027573529411764705,0.0055147058823529415,0.33455882352941174,0,0.1636029411764706,0,0,0,0.14154411764705882,9.191176470588235e-4,0,0.14613970588235295,0,0,0.017463235294117647
100178,participant 100178,2711206.088765184,1223673.4933523613,age_41_55,female,0,0.13892487046632124,0,0.053432642487046635,0.0430699481865285,3.238341968911917e-4,0.018134715025906734,0.0586139896373057,0.09585492227979274,0.013601036269430052,0.005505181347150259,0.24870466321243523,0.009715025906735751,0.13568652849740934,0,0.005829015544041451,0.08873056994818652,0,0,0,0,0,0,0
100179,participant 100179,2701019.003994979,1256963.7209362532,age_41_55,male,4.992511233150275e-4,0.081627558662007,0,0.0399400898652022,0.09485771342985522,0.004992511233150275,4.992511233150275e-4,0.07488766849725412,0.027209186220668997,0.02496255616575137,0.004742885671492761,0.3212680978532202,0.05466799800299551,0.13704443334997504,0.003494757863205192,0.0024962556165751375,0.0022466300549176237,0,0.00199700449326011,0,0,0,0.00399400898652022,0
100180,participant 100180,2681698.886161038,1248121.5504055792,age_18_40,female,0.011695906432748537,0.07456140350877193,4.873294346978557e-4,0.07602339181286549,0.025341130604288498,0.001949317738791423,0.007309941520467836,0.01023391812865497,0.04434697855750487,0.03167641325536062,0.004873294346978557,0.4015594541910331,0.0682261208576998,0.07748538011695906,0.025828460038986353,0.025341130604288498,0.0847953216374269,0,0.008284600389863547,0,0,0,0,0
100181,participant 100181,2686801.3936880864,1208823.7729210441,age_56_65,male,0,0,0,0,0,0.03910614525139665,0,0,0,0.018156424581005588,0.006284916201117319,0.24930167597765363,0.12150837988826815,0,0.17248603351955308,0.006983240223463687,0,0,6.983240223463687e-4,0,0,0,0,0
100182,participant 100182,2682653.3136733836,1246045.2885570843,age_56_65,female,0.011796246648793566,0.008310991957104557,8.042895442359249e-4,0.06273458445040214,0.07989276139410188,0.02091152815013405,0.01876675603217158,0.03512064343163539,0.10187667560321716,0.02975871313672922,0.024128686327077747,0.24343163538873994,0.03351206434316354,0.028418230563002682,0.01769436997319035,0.024664879356568366,0.00482573726541555,0,0.013136729222520108,0.0010723860589812334,0,0,0.046380697050938335,0
100183,participant 100183,2707325.247414191,1249482.9946740516,age_41_55,male,0,0,0.009613073780341264,4.806536890170632e-4,0.008171112713290074,0.047825042057197786,0,0,0.5118961788031723,0.2785388127853881,0.017784186493631338,0.02595529920692141,0.019226147560682527,0,0.0737803412641192,0,0,0,0,0,0,0,0.005046863734679163,0
100184,participant 100184,2691489.251930456,1251686.0151446024,age_41_55,male,0.016452442159383032,0.04473007712082262,0,0.04010282776349614,0.08020565552699228,0,0,0.02056555269922879,0.006169665809768638,0.01696658097686375,0.0015424164524421595,0.37326478149100256,0.013367609254498715,0.02570694087403599,0,0.0015424164524421595,0.17275064267352186,0,0,0,0,0,0,0
100185,participant 100185,2667336.045732251,1245122.6483870258,age_41_55,female,0.0728759331674369,0,0,0.09527195165303946,0.01848560255954497,0.07643085673658016,0.004621400639886242,0,0.06967650195520796,0.05901173124777817,0.022040526128688235,0.3249200142196943,0.04372555990046214,0,0.16530394596516174,0.022751510842516885,0,0,0.002488446498400284,0,0,0,0,0
100186,participant 100186,2689022.839767847,1285584.4213148777,age_41_55,male,0.01694915254237288,0,0,0.08700564971751412,0.03389830508474576,0,0.03728813559322034,0.007909604519774011,0.02598870056497175,0.03728813559322034,0.013559322033898305,0.31751412429378534,0,0,0.013559322033898305,0,0.3254237288135593,0,0,0,0,0,0.05310734463276836,0
100187,participant 100187,2676277.783043483,1249847.348583876,age_41_55,female,0,0.03190184049079755,0,0.057975460122699385,0.05061349693251534,0.022392638036809815,6.134969325153375e-4,0.029141104294478526,0.027300613496932514,0.07975460122699386,0.010429447852760737,0.3030674846625767,0.12147239263803682,0.18282208588957055,0,0.012883435582822086,0.034049079754601225,0,0,6.134969325153375e-4,0,0,0,0
100188,participant 100188,2641744.2354714135,1126569.3975855533,age_41_55,male,0,0,0,0.010323159784560144,0,0,0,0,0.03141831238779174,0,0.02917414721723519,0,0,0.7728904847396768,0,0,0,0,4.488330341113106e-4,0,0,0,0,0
100189,participant 100189,2622615.720213052,1174274.0825779876,age_18_40,male,0,0,0,0.05806644717150554,0.10865010475905418,0.00299311583358276,0,0,0.02065249925172104,0.004190362167015863,0.014666267584555522,0.37683328344806943,0.0859024244238252,0,0,0.009577970667464832,0,0,0.00089793475007482785,0,0,0,0.004190362167015863,0
100190,participant 100190,2577657.5502442173,1192023.2740620275,age_41_55,female,0,0.03557531962201223,0,0.13340744858254586,0,0.0011117287381878821,0,0,0,0.030572540300166758,0.011673151750972763,0.2434685936631462,0,0.14563646470261257,0,0,0,0,0.007226236798221234,0,0.14452473596442467,0.09005002779321845,0,0.1434130072262368
100191,participant 100191,2599638.5779908625,1198602.5214604626,age_18_40,male,0,0.02734523357387011,3.7979491074819596e-4,0.06304595518420053,0.004557538928978352,0.007595898214963919,0.015571591340676035,0.02164830991264717,0.10444360045575389,0.015571591340676035,0.004937333839726547,0.379794910748196,0.0565894417014812,0.21078617546524878,0,0.020888720091150777,0.017090770983668818,0,0.0060767185719711354,0,0,0,0,0
100192,participant 100192,2698497.1564274663,1219475.2934256382,age_41_55,female,0,0.013717421124828532,0,0.08550525834476452,0,0.10425240054869685,0,0,0,0.009602194787379973,0.024691358024691357,0.04481024234110654,0,0.010059442158207591,0,0,0,0.12574302697759487,0.013717421124828532,0,0.22862368541380887,0.3214449016918153,0,0.01783264746227709
100193,participant 100193,2678581.704524537,1248899.1155447322,age_18_40,female,0,0.006856540084388186,0,0.09546413502109705,0,0.00949367088607595,0,0,0,0.013713080168776372,0.008438818565400843,0.35232067510548526,0,0.10390295358649788,0,0,0,0.0010548523206751054,0.008438818565400843,0,0.2542194092827004,0,0,0.09651898734177215
100194,participant 100194,2619476.457789304,1261157.3019835465,age_41_55,female,0,0.07376384760875439,2.701972439881113e-4,0.07997838422048095,0.05512023777357471,0.007835720075655228,0.0035125641718454473,0.04755471494190759,0.023507160226965685,0.03674682518238314,0.008646311807619562,0.37611456363145096,0.010807889759524453,0.04647392596595515,0,0.01837341259119157,0.1332072412861389,0,0.0029721696838692245,0,0,0,0,0
100195,participant 100195,2677552.897416887,1230897.6520875164,age_18_40,male,0.004778338200159278,0.026015396867533847,0,0.024688080700822936,0.05229625696840987,0.015662330767188745,0.039554021767985136,0.03451022033448367,0.009822139633660737,0.023626227767454207,0.0018582426333952748,0.3825325192460844,0.04990708786833024,0.21980355720732678,0.006105654366870188,0.01274223520042474,0,0,7.963897000265463e-4,0,0,0,0.07990443323599682,0
100196,participant 100196,2739140.856805064,1249687.2952119587,age_41_55,female,0,0,0,0.0605899548232793,0.0015944724953494552,0.005580653733723093,0.01674196120116928,0,0.05102311985118257,0.03667286739303747,0.008503853308530427,0.41349986712729203,0.0815838426787138,0,0.19904331650279034,0.016210470369386127,0,0,0,0,0,0,0.019133669944193462,0
100198,participant 100198,2672946.6173629914,1255322.8130772093,age_over_66,female,0,0,0,0.02349869451697128,0,0.01468668407310705,0,0,0,0,0.025783289817232376,0,0,0,0,0,0,0,0,0,0.41220626631853785,0.5238250652741514,0,0
100199,participant 100199,2697286.236278328,1261054.8483590144,age_18_40,male,0,0.06869125090383225,0,0.05422993492407809,0,0.024584237165582067,0,0,0,0.039045553145336226,0.015184381778741865,0.38177874186550975,0,0.19812002892263195,0,0,0,0,0.005061460592913955,0,0.14967462039045554,0,0,0.0636297903109183
100200,participant 100200,2613872.0909280996,1176578.8645326167,age_56_65,male,0.010314731552499339,0,0.0013224014810896587,0.053425019836022214,0.11399100766992859,0.12774398307326104,0.0166622586617297,0,0.12536366040729965,0.01613329806929384,0.026448029621793177,0.34514678656440095,0.02115842369743454,0,0.06982279820153399,0.049193335096535305,0,0,0,0,0,0,0.006083046813012431,0
100201,participant 100201,2697286.236278328,1261054.8483590144,age_18_40,female,0,0,0.001990049751243781,0,0,0,0,0,0.7009950248756219,0,0.014925373134328358,0.12437810945273632,0.03880597014925373,0,0.006965174129353234,0,0,0,0.021890547263681594,0,0,0,0.09004975124378109,0
100202,participant 100202,2599055.796962777,1201085.4253651297,age_41_55,female,0,0,0,0.11046906866077498,0.09313392250169952,0.011896668932698844,0.02107409925220938,0,0.033650577838205305,0.06730115567641061,0.013936097892590074,0.3609789259007478,0.08089734874235215,0.06968048946295037,0.03535010197144799,0.020394289598912305,0,0,0.005778382053025153,0,0,0,0.005438477226376614,0
100203,participant 100203,2750127.695762087,1244319.7669455644,age_41_55,male,0,0,0,0.11006445215666832,0,0,0,0,0,0,0,0.23599405057015369,0,0.2226078334159643,0,0,0,0.090233019335647,4.957858205255329e-4,0,0.1745166088249876,0.15815567674764502,0,0.007932573128408527
100204,participant 100204,2669491.163459522,1244162.3163526363,age_41_55,male,0,0.078961899503037,0,0.07344008834897847,0,0.018221976808393152,0,0,0,0.011595803423522915,0.0011043622308117063,0.16399779127553837,0,0.08503589177250138,0,0,0,0.1838763114301491,0,0,0.17504141358365544,0.16289342904472667,0,0.0022087244616234127
100205,participant 100205,2604206.4642331786,1200590.6070247265,age_18_40,male,0,0,0,0.05759682224428997,0,0,0,0,0,0,0.011916583912611719,0,0,0,0,0,0,0.26613704071499505,0.004965243296921549,0,0.36941410129096325,0.2899702085402185,0,0
