name,x,y,family,f0,f1,f2,f3,f4,f5,f6,f7,f8,f9,f10,f11,f12,f13,f14,f15,f16,f17,f18,f19,f20,f21,f22,f23,f24,f25,f26,f27,f28,f29
site_0,9614.58747183658,5215.48900901762,,0,0,1,3,1,0,1,0,0,3,1,0,0,2,2,1,0,1,3,0,2,0,0,3,1,0,3,2,3,1
site_1,9534.53810227056,5216.58741269408,,0,0,0,1,1,2,1,,2,3,3,0,0,2,0,0,0,2,3,2,2,0,1,3,2,1,0,2,3,3
site_2,9190.03602589661,5668.69720263499,,0,0,0,3,3,0,1,0,3,3,1,0,0,2,2,0,0,1,0,0,2,0,2,2,0,2,3,0,3,1
site_3,9537.05393391534,4592.57164896959,,0,0,0,1,1,0,1,2,0,1,1,3,0,2,2,0,0,1,3,0,2,1,0,3,0,0,3,2,3,3
site_4,10571.7942321452,1182.44303281202,,0,0,1,1,1,0,3,0,2,1,1,3,0,2,0,1,0,1,0,0,2,0,2,3,0,2,3,2,2,1
site_5,9756.33917056661,3996.55931591657,,0,1,0,3,3,0,1,1,0,2,2,0,0,2,0,1,0,1,1,0,2,0,0,2,2,1,3,2,3,3
site_6,6284.97838469241,6115.66375218642,,0,0,0,3,1,0,1,0,2,1,1,0,0,2,2,0,1,1,0,0,2,0,2,2,2,1,3,2,3,3
site_7,9966.6831164237,1427.67900432483,,0,0,0,1,1,0,1,0,2,0,1,3,0,2,0,0,0,3,0,0,0,1,0,3,0,1,3,2,3,1
site_8,9009.96021723734,4668.7936748535,,0,0,0,3,1,0,2,1,2,2,3,2,0,2,2,0,0,2,0,0,2,0,0,2,0,2,3,0,3,1
site_9,9585.12441532467,1189.16441934143,,0,0,0,1,3,0,1,3,2,3,1,0,0,2,0,1,0,1,1,0,2,1,0,3,2,1,1,2,3,1
site_10,8117.10218627193,3122.03352279517,,0,1,0,1,1,0,1,1,3,0,1,0,0,2,0,0,0,3,0,0,2,0,0,1,0,1,3,2,3,1
site_11,7449.16760323479,6372.95079300947,,0,1,0,3,1,1,1,2,0,0,1,2,0,1,0,1,1,0,2,0,2,0,2,2,1,2,1,3,0,2
site_12,8843.92075381301,4381.86435475069,,0,0,0,1,1,2,1,3,3,2,1,0,0,2,0,0,0,1,0,0,2,0,0,3,0,1,3,2,3,3
site_13,10156.6133752572,2978.33252671022,,0,0,1,3,1,0,1,2,0,0,1,0,0,2,0,1,0,1,0,0,3,0,0,3,3,1,3,2,3,1
site_14,8802.80275452409,4426.3393818495,,0,0,0,1,1,0,1,0,2,3,1,3,0,2,2,0,0,1,0,0,2,0,0,3,2,2,3,2,3,3
site_15,8735.78176240529,4749.00773439214,,0,0,0,3,1,2,1,0,2,1,3,2,0,2,0,0,0,1,3,0,2,0,0,3,0,2,3,2,3,1
site_16,8794.91720728406,4710.53458885251,,1,0,0,1,3,0,1,1,1,2,1,2,0,2,0,0,0,1,3,0,2,1,0,3,0,1,3,2,0,3
site_17,8719.02256944885,4693.65741706029,,0,0,0,1,1,0,1,3,3,2,1,0,0,2,2,0,0,1,3,2,2,0,0,3,0,2,2,2,3,3
site_18,8702.77631504548,4647.8374769475,,1,0,0,3,1,0,1,1,2,2,1,0,0,2,0,0,0,1,0,0,2,0,2,2,2,1,3,2,0,3
site_19,8726.04785126916,4615.31641596988,,0,0,0,3,1,0,1,0,1,1,3,0,0,2,3,0,0,1,0,0,2,0,0,0,0,1,3,2,2,3
site_20,9002.57067445208,4207.72459612526,,0,0,0,1,1,0,1,3,0,3,1,0,0,2,0,1,0,1,0,0,2,1,0,1,3,1,3,2,2,1
site_21,5873.10327566016,3008.90515130778,,2,0,0,1,1,0,1,0,2,2,1,3,0,2,2,1,1,1,3,0,2,1,0,2,2,1,3,2,0,3
site_22,9590.0464737427,2676.99527840541,,2,0,0,1,3,0,1,3,0,3,3,3,0,2,2,1,0,1,3,0,0,1,1,1,2,1,3,2,3,3
site_23,7172.74350884689,3128.81195414316,,0,0,0,1,1,0,1,1,3,2,1,0,2,2,2,1,0,1,3,0,2,0,2,3,2,2,3,2,0,1
site_24,8024.57549201628,2140.9179415173,,0,0,0,3,1,0,2,0,0,2,1,0,0,2,0,0,0,1,1,0,2,0,0,3,0,1,3,2,3,3
site_25,7748.10813739208,3573.26748608486,,0,0,0,1,1,0,0,3,2,3,0,3,0,2,0,0,0,1,3,0,2,0,0,2,2,2,3,2,0,1
site_26,5181.55233312775,5145.32586344933,,0,0,0,3,1,0,1,0,3,3,2,3,0,2,2,0,0,1,3,2,2,0,2,3,2,1,3,2,3,1
site_27,8916.11448122032,4233.19588272987,,0,0,0,3,1,1,1,2,2,3,3,0,0,2,1,0,0,1,3,0,2,0,0,1,0,1,3,2,0,1
site_28,4520.56421167083,5722.62848923761,,0,0,0,3,3,1,1,0,3,2,1,0,0,2,0,1,1,1,1,2,2,0,2,3,0,1,3,0,3,3
site_29,2351.70217553105,5007.44116034966,,0,0,0,3,1,0,2,3,2,3,3,3,0,2,2,1,0,1,0,0,1,1,0,0,3,1,3,0,3,1
site_30,2383.73342529212,2517.10078878113,family_2,2,1,0,3,2,1,1,0,0,2,1,3,0,2,2,1,0,1,3,3,1,0,0,2,2,0,3,0,3,2
site_31,5404.56303581859,3771.09911558019,,0,0,0,1,1,0,1,1,2,3,1,3,2,2,1,1,0,3,3,0,0,1,0,2,0,1,3,2,2,1
site_32,1651.38045118543,5442.33650513668,,0,0,0,2,0,0,1,0,2,1,1,2,0,2,2,0,0,1,3,0,2,0,0,3,2,2,3,2,3,1
site_33,1584.0920834066,6129.82214462354,,0,0,0,1,3,0,1,1,2,2,1,3,0,2,2,1,0,1,0,0,2,0,0,3,2,1,3,2,3,3
site_34,2569.51023950352,6453.2902727263,,1,0,0,1,1,0,3,3,0,3,1,0,0,2,2,0,0,1,0,0,2,0,2,2,0,2,3,2,3,1
site_35,1907.38351947244,2383.11439998413,,0,0,0,1,1,0,3,3,2,1,3,0,0,2,2,1,0,3,0,2,2,0,0,3,2,2,3,2,3,3
site_36,1628.96117784208,3643.45623025986,,0,0,0,3,1,0,1,3,2,3,1,2,0,1,0,0,0,1,0,0,2,1,0,1,2,1,0,2,3,1
site_37,-9.31e-13,2097.3041760259,,0,0,0,3,1,0,1,0,3,1,1,0,2,2,1,1,0,1,0,0,2,1,1,3,0,2,3,2,3,3
site_38,1329.87377205442,1783.39302462709,,0,0,0,3,3,0,1,1,0,3,1,2,0,2,0,0,0,1,0,0,2,1,0,1,0,2,3,2,3,1
site_39,7120.66643058863,6337.9319606335,,0,1,0,3,1,1,1,0,2,0,1,2,0,2,0,0,0,0,2,0,2,0,2,2,1,1,1,1,1,2
site_40,7486.05533580007,8210.51890958146,,0,0,0,3,1,0,1,1,0,0,1,3,0,2,3,1,0,1,1,0,2,1,0,3,3,0,3,2,3,3
site_41,7944.57439533847,9177.16494742636,,0,0,1,3,1,0,1,3,0,2,3,0,0,2,2,0,0,0,3,0,2,0,0,3,0,1,3,2,0,1
site_42,4073.35988594084,6997.65187210762,family_2,2,1,0,1,3,1,1,1,3,3,1,1,0,2,0,0,0,1,3,1,1,0,0,3,2,2,3,2,3,2
site_43,5407.13658617328,7685.56898218064,,1,0,0,3,1,0,1,2,2,1,3,0,0,2,0,0,0,1,0,0,2,1,0,3,0,1,0,2,2,1
site_44,4917.67850957383,7773.24629976497,,0,0,0,1,1,0,1,2,2,3,1,0,0,2,0,0,0,1,1,2,2,1,2,3,0,1,3,2,3,1
site_45,5277.59282382258,8666.19836828623,,0,0,0,1,3,0,1,1,2,3,2,3,0,2,0,1,0,1,0,0,2,0,2,3,0,1,3,2,3,0
site_46,5379.87263818184,8954.26160802413,,0,0,0,1,3,0,1,3,3,1,1,0,0,2,0,0,0,1,0,0,1,1,0,2,0,2,3,2,3,1
site_47,7012.73307021649,8482.88717848999,,0,0,0,3,1,0,1,0,2,1,1,0,0,2,0,0,0,1,0,0,2,0,1,3,0,1,1,2,3,3
site_48,4992.43931315056,10565.2093319996,,0,0,0,1,1,0,1,3,3,0,1,0,0,2,0,0,0,1,0,2,2,0,0,3,0,1,3,2,3,1
site_49,6052.55812765379,9931.97556111796,,0,0,0,1,3,1,1,0,0,3,3,0,0,2,2,0,0,1,0,0,2,0,0,2,0,0,3,2,0,1
site_50,6067.64483851211,9543.72212420739,,0,0,0,1,1,0,1,0,0,2,3,3,0,2,0,0,1,1,0,2,2,1,2,1,3,2,3,2,3,1
site_51,6090.32142003454,9699.58735724888,,1,0,0,1,1,1,1,0,2,2,1,0,0,2,0,0,0,1,1,0,2,0,2,0,3,2,3,2,0,3
site_52,4988.54380307273,9163.82856954222,,0,0,0,3,3,0,1,1,2,2,1,3,0,2,0,1,0,1,1,0,2,0,2,2,1,1,3,0,3,1
site_53,4319.08699018983,7892.97725697557,,0,1,0,3,1,0,1,0,3,3,1,2,2,2,0,0,0,1,0,0,2,0,0,3,0,0,3,2,3,1
site_54,2833.88402281152,8237.5970829517,,1,0,0,1,3,1,3,1,0,1,0,0,0,2,2,1,0,1,0,0,2,0,2,3,2,2,3,2,3,1
site_55,2636.18094220127,9104.69062451048,,0,0,0,1,3,0,1,1,3,2,1,0,0,2,0,0,0,1,0,2,0,0,2,3,2,1,3,2,3,3
site_56,5874.06984400793,7495.19110549694,family_2,1,1,0,1,3,1,3,0,3,2,1,3,0,2,0,0,0,1,1,0,1,0,0,3,3,2,2,0,1,0
site_57,6289.53496859709,7698.7884250862,,0,1,0,1,1,1,2,0,2,0,1,2,0,0,0,1,1,0,2,1,2,0,2,1,1,1,3,2,1,1
site_58,9390.73745131686,1822.32602540233,,0,0,0,3,3,0,1,3,3,3,1,0,2,2,2,0,0,1,1,0,2,0,0,2,0,1,3,2,2,3
site_59,8298.79725885859,48.0980740955267,,0,0,0,1,1,0,1,3,2,2,1,2,0,2,0,0,0,1,0,0,2,0,2,3,0,1,3,2,3,1
site_60,5790.58248270766,10431.7841601223,,0,0,0,1,1,0,1,1,2,1,1,0,2,2,0,0,0,1,3,0,2,0,2,0,0,1,1,2,3,3
site_61,6485.60555564205,7531.86437692925,,0,1,0,1,1,1,1,1,2,0,1,2,0,1,0,1,1,1,2,1,2,1,2,1,0,1,1,3,1,2
site_62,7361.11388554009,7610.06503267398,,0,0,0,3,1,0,1,0,2,2,1,0,2,2,0,1,0,1,0,0,2,1,0,2,0,1,3,2,3,1
site_63,6542.25883563962,7749.56842091096,,0,0,0,1,3,1,1,3,3,1,3,0,0,2,0,0,0,1,3,0,2,1,2,1,1,1,3,2,3,3
site_64,8747.26980583784,4455.65296677606,,0,0,0,3,3,1,1,1,3,3,1,0,2,2,0,1,0,1,2,0,2,0,0,1,1,0,3,2,3,1
site_65,5728.95129485951,8301.20536178259,,0,0,0,3,3,0,1,2,2,1,3,0,0,2,0,0,1,1,0,0,2,0,0,2,0,1,3,2,3,3
site_66,8918.93766263862,4458.23110953082,,0,1,0,3,1,0,1,0,3,1,3,0,0,2,0,1,0,1,3,0,2,0,2,3,3,0,0,2,3,3
site_67,2222.84101920341,4493.12949913229,,1,0,0,1,3,0,2,0,3,2,0,0,0,2,2,0,0,1,3,0,0,0,0,1,0,1,3,2,3,1
site_68,6540.33733890068,7479.2036394451,,0,1,0,3,1,1,1,1,2,0,3,2,0,1,0,0,1,1,2,2,2,0,2,1,2,2,3,3,1,3
site_69,9575.19323226807,653.863412882082,,0,1,0,1,1,0,1,3,2,3,3,3,0,2,0,0,0,3,0,1,2,1,0,3,2,1,0,2,3,1
site_70,8980.44301500879,5556.6244477367,,0,0,0,1,1,0,2,1,0,3,1,0,0,2,2,0,0,1,3,0,2,0,0,3,0,1,0,2,2,1
site_71,9023.37085390807,4024.05455321642,,0,0,0,3,3,0,1,2,0,3,1,0,0,2,0,0,0,1,3,0,2,1,0,1,0,1,3,2,3,1
site_72,5503.81330188942,8525.74866090643,,0,0,0,3,1,2,3,0,0,1,2,0,0,2,2,0,0,1,1,0,2,1,1,3,2,2,3,2,3,3
site_73,10265.5650104229,3226.52963418646,,1,0,0,3,1,0,3,0,3,0,1,0,2,2,2,0,0,1,0,0,2,1,0,3,2,0,3,2,3,0
site_74,6376.67172457099,7588.19324545047,,0,1,0,3,3,2,3,2,2,3,1,2,0,0,0,0,1,1,2,0,2,0,2,1,1,1,1,3,0,2
site_75,5079.86873089075,8467.21747962975,,0,0,0,3,1,1,1,3,2,3,1,0,0,2,2,0,0,3,1,0,1,1,0,3,2,2,3,0,3,3
site_76,8927.16232074248,4298.5177671738,,0,0,0,3,1,0,1,0,3,1,1,2,0,2,0,1,0,1,0,0,2,1,2,3,0,1,3,2,3,3
site_77,2041.21551939608,9895.63974781682,,0,0,0,3,1,0,1,0,2,1,1,3,0,2,2,0,0,1,3,0,2,0,0,0,2,1,3,2,2,3
site_78,4331.99470868527,9855.46218548717,,0,0,0,1,1,0,1,2,2,3,1,0,0,2,0,1,0,2,3,0,2,0,2,3,2,1,3,2,3,3
site_79,4376.88880459909,11267.1700285704,,0,0,0,1,0,2,1,0,2,3,1,3,0,2,2,1,0,1,2,0,2,0,0,3,2,1,3,2,3,1
site_80,4520.56421167083,7783.35838538035,,0,0,0,3,1,1,1,3,3,0,1,0,0,2,2,0,0,1,0,0,2,0,1,0,0,1,3,2,2,3
site_81,5660.72532574383,8070.19841174328,family_2,0,1,0,3,3,2,0,2,2,2,1,1,2,1,0,0,0,0,3,3,1,0,1,2,3,2,3,0,3,0
site_82,9652.41650772459,4128.53812643407,,0,1,0,3,0,0,1,0,2,1,1,0,0,2,3,0,0,1,1,0,0,0,2,2,2,2,0,2,2,3
site_83,5882.312151362,8297.36301456582,,0,0,0,3,1,0,1,1,3,2,3,0,0,2,0,0,0,1,0,0,2,1,0,1,2,2,3,2,3,3
site_84,8123.32535787486,6838.73465540187,,0,0,0,1,1,1,1,0,2,1,1,3,2,2,0,1,0,1,0,0,2,1,0,3,0,2,0,2,3,1
site_85,3317.95196321479,4602.04464980854,,0,0,0,3,1,1,0,3,2,2,1,3,0,2,0,0,0,3,0,0,2,0,2,3,2,1,3,2,3,1
site_86,6000.70244704292,7908.67575658992,,0,1,0,3,3,0,1,0,0,3,3,0,2,2,2,1,1,1,0,0,3,1,0,1,3,2,3,0,2,3
site_87,10243.9886884564,4606.67688268433,,0,0,1,3,1,0,1,1,3,0,1,0,0,2,0,0,1,1,1,0,1,0,2,2,0,1,3,2,2,3
site_88,8778.42682327075,4568.70299702395,,0,0,0,1,3,2,1,3,2,3,1,3,2,2,0,0,0,1,0,0,2,0,1,3,0,2,1,2,2,1
site_89,7926.367013987,8783.91761871264,,0,0,0,1,1,0,1,1,3,2,3,3,0,2,2,1,0,3,1,0,2,0,0,2,0,0,3,0,3,1
site_90,5385.26083698575,8774.53825218783,,0,0,0,3,1,1,1,3,3,3,1,3,0,2,1,1,0,1,3,0,2,0,0,3,2,1,3,2,3,1
site_91,5852.24060629539,7954.49426221302,,0,0,0,1,1,1,1,0,0,2,1,0,0,2,2,1,0,1,0,0,2,0,2,3,0,2,3,2,3,3
site_92,4848.95211315669,8575.86132258695,,0,0,0,1,1,0,1,0,1,3,2,2,2,2,0,0,0,1,2,0,2,1,2,2,1,2,3,0,3,0
site_93,5450.18809753312,10773.4493543226,,0,0,0,1,3,0,1,0,2,1,1,0,0,2,0,0,0,1,0,0,2,1,0,3,2,1,0,2,3,1
site_94,6926.51490499144,6703.26538286458,,0,1,0,2,1,1,1,0,1,3,1,2,0,2,0,1,1,1,2,1,2,0,2,3,1,2,3,3,1,1
site_95,8523.78432949331,2378.89620961627,,0,0,0,1,3,0,3,0,3,2,1,0,0,2,2,0,0,1,2,0,2,1,0,2,0,0,1,2,3,1
site_96,6166.75103691033,7702.91603272882,,1,1,0,1,3,1,1,2,2,0,1,1,0,1,0,1,1,1,2,1,2,0,0,1,1,2,1,2,1,2
site_97,6662.43696145949,8071.77833511579,,0,0,0,3,1,0,1,1,3,3,3,0,0,2,0,0,0,1,2,0,2,0,0,3,0,1,3,2,3,1
site_98,4797.19210079132,10844.2383273137,,1,0,0,1,1,0,3,0,2,2,1,0,0,2,0,1,0,1,3,0,2,1,1,2,1,1,3,2,3,0
site_99,10902.7853860135,1163.93913565996,,0,0,0,3,3,0,1,1,3,3,1,0,0,2,0,0,0,1,3,2,2,0,2,2,0,0,3,2,3,1
site_100,10296.850023931,4628.77281049075,,0,0,0,3,1,1,1,3,0,1,1,0,0,2,2,0,0,1,0,2,2,0,0,3,0,0,3,2,3,3
site_101,7406.03735021379,8207.78978481533,,2,0,0,1,1,0,0,3,0,1,1,3,0,2,0,0,0,1,3,2,2,0,0,2,0,1,3,2,3,1
site_102,7645.98731523677,3504.45384068747,,0,0,0,3,1,0,1,1,1,1,3,2,0,2,2,0,0,1,3,2,2,0,0,3,3,2,3,2,0,3
site_103,11061.3286480736,851.779314464809,,0,0,0,1,3,0,1,0,0,1,1,2,0,2,0,0,0,1,0,0,2,1,2,3,0,2,3,2,3,1
site_104,9212.47447449913,4696.6317883124,,0,0,0,1,3,0,1,0,1,0,3,0,0,2,2,0,0,1,0,0,0,1,2,3,0,2,0,2,3,1
site_105,5063.84737374236,6061.7182194131,,0,1,0,1,1,0,1,3,3,0,3,0,2,2,0,1,1,3,1,0,2,0,0,3,2,1,0,0,3,1
site_106,1589.17592722127,2541.0726526304,family_1,0,1,0,1,1,1,1,3,0,2,2,3,0,2,2,0,0,1,3,1,1,0,2,2,3,0,0,2,1,2
site_107,4935.45001673434,10839.8370571154,,1,0,0,2,3,0,1,3,2,1,3,0,2,2,0,0,0,1,3,0,2,0,0,3,0,1,3,2,3,1
site_108,4520.56421167083,9605.5683833236,,0,0,0,1,3,2,1,0,2,3,1,2,0,2,2,0,0,1,1,2,2,0,2,3,2,1,1,2,2,3
site_109,5595.29191010901,7973.73265127977,,1,0,0,3,3,0,1,0,2,1,1,3,0,2,3,0,0,1,0,0,2,0,0,3,0,1,3,2,3,3
site_110,7018.86008118354,6961.29029204372,,0,1,0,1,1,1,1,2,2,0,3,2,0,1,0,0,1,1,0,1,2,0,0,3,1,1,1,1,1,1
site_111,6916.80182661739,7101.8482234819,family_1,0,1,0,3,3,1,1,3,2,3,3,3,0,1,0,0,1,0,2,1,1,0,2,2,0,2,1,3,1,0
site_112,6840.56479346109,7177.06330542275,,0,0,0,0,1,1,1,1,2,0,1,2,0,1,0,1,1,0,2,0,2,0,2,2,0,1,3,3,0,3
site_113,6619.48776560007,7428.43861175227,,0,1,0,3,1,1,1,3,2,1,1,2,0,1,0,0,1,0,2,1,2,0,2,1,0,2,3,2,1,2
site_114,6260.30078194798,7624.8409349737,,0,0,0,3,1,1,1,0,3,0,3,2,0,2,0,0,1,1,2,1,2,0,2,0,1,2,3,3,0,1
site_115,7040.85024769353,6544.67372531521,,0,1,0,3,1,1,3,0,2,3,1,2,0,2,0,0,1,1,2,1,2,0,2,3,1,2,1,2,0,2
site_116,6409.46722367403,7637.9020540042,,0,1,1,3,1,1,1,0,2,3,2,2,0,2,0,0,1,0,2,1,2,0,2,1,1,1,1,3,3,2
site_117,7096.86228701676,6639.84187717508,,0,1,0,1,1,1,1,3,2,3,1,2,0,2,0,0,1,0,2,1,2,1,2,3,1,1,3,3,1,2
site_118,6331.67822182533,7976.08099531649,,0,0,0,1,1,1,1,0,3,0,3,0,0,2,2,0,0,1,0,0,1,0,0,3,0,0,0,2,3,1
site_119,6382.52854123258,7964.39211145801,family_2,0,0,0,1,2,2,2,0,3,2,1,0,3,2,0,0,0,1,1,3,1,0,0,1,1,2,3,2,1,2
site_120,7091.26154539673,6501.72489333327,,0,1,0,0,1,1,1,3,2,3,1,2,0,1,0,0,1,0,2,1,2,0,2,2,1,1,3,1,0,1
site_121,6276.23391797844,7640.75552618988,,0,1,0,1,1,1,1,2,2,0,3,2,0,2,0,0,1,3,2,1,2,0,2,0,1,0,3,0,0,3
site_122,5733.43008496009,7859.03868407264,,0,0,0,1,3,0,1,0,3,2,1,3,0,2,3,0,0,1,0,0,2,0,0,3,2,2,3,2,0,3
site_123,6265.58567839949,8166.54572295753,,0,0,0,1,1,0,1,1,0,1,1,3,0,2,0,0,0,1,0,0,2,0,2,3,2,1,2,0,2,1
site_124,6446.58569321839,7580.04299677841,,2,1,0,3,3,1,1,0,3,0,1,2,0,1,0,0,1,0,0,0,2,0,2,2,0,1,3,3,0,2
site_125,6686.77115744656,8304.89225854063,,0,0,0,3,3,0,1,1,3,0,3,2,0,2,0,1,0,1,0,0,1,1,2,3,2,1,3,2,3,3
site_126,5642.11073409569,7758.93652539452,,0,0,0,1,3,0,1,1,2,3,3,0,0,2,0,1,0,1,0,0,2,0,0,3,2,1,3,2,3,1
site_127,4726.35329329119,8062.30941821594,,0,0,0,3,1,0,1,0,3,2,1,0,0,1,0,1,1,1,3,0,3,0,0,3,2,1,3,0,3,3
site_128,6685.42417667229,7418.83985952068,,0,1,0,1,1,1,1,2,2,0,3,0,0,0,0,0,1,0,2,1,2,0,2,1,2,1,1,2,0,2
site_129,6339.42175229917,7634.07128516039,,0,1,0,1,1,2,1,2,2,0,2,2,0,0,0,1,1,1,2,0,2,0,2,3,2,2,1,3,0,2
site_130,9050.74336363065,5357.97038897022,,0,0,0,3,1,0,1,2,2,1,1,0,0,2,0,0,0,1,0,0,2,1,0,3,0,1,3,2,3,3
site_131,5182.24287475809,7755.25197739816,,0,0,0,1,1,0,3,1,3,2,3,3,0,2,2,0,0,1,1,0,2,0,0,3,0,1,3,2,3,3
site_132,6240.39803582516,7686.84836952414,,0,1,0,0,1,1,1,3,2,0,1,2,0,2,0,0,1,0,2,1,2,0,2,1,1,1,3,3,0,2
site_133,8860.27150390751,4320.47352639091,,0,0,0,2,1,0,1,3,3,3,1,3,0,2,0,1,0,1,1,0,2,0,0,3,0,2,3,2,3,3
site_134,9340.40303500812,4643.6745160108,,0,0,1,1,1,0,1,1,2,3,1,3,0,2,3,1,0,1,0,0,2,0,0,2,0,2,3,2,3,1
site_135,8472.38863988022,1770.04112312552,family_1,0,0,0,3,3,1,1,0,3,0,1,3,0,2,0,1,0,3,1,1,1,0,0,2,0,1,0,2,1,3
site_136,9817.73366346277,3246.39031995257,,0,0,0,3,1,0,1,0,2,2,1,3,0,2,2,1,0,3,1,0,2,1,0,3,2,1,3,2,3,1
site_137,7378.41222832573,3600.69934705884,,1,1,1,3,1,0,1,0,2,2,1,0,2,2,0,0,0,3,0,0,0,0,0,3,0,2,0,2,3,1
site_138,6662.85664155298,3495.70457769263,,0,0,0,1,1,0,1,0,3,0,1,3,0,2,2,0,0,1,3,0,2,0,0,3,1,2,3,2,3,1
site_139,6362.56143523921,3280.2034446098,,0,0,1,1,1,0,1,1,3,3,1,3,0,2,0,0,0,1,3,0,2,1,0,3,0,1,3,2,2,1
site_140,9499.22687113355,3050.03259375157,,0,0,0,2,1,0,1,3,3,2,1,0,0,2,1,0,0,1,0,0,2,1,0,3,2,1,3,2,3,1
site_141,6568.80008651878,7463.37265785377,,0,1,0,0,1,1,1,2,2,0,1,3,0,2,0,0,1,0,2,1,2,0,2,2,1,2,3,3,0,2
site_142,5861.5710691217,7480.50830709878,,0,1,0,3,1,1,1,2,0,3,1,3,0,2,0,1,0,1,0,0,2,0,2,3,3,1,3,2,3,3
site_143,7365.63162682954,1685.08938865783,,0,0,0,3,1,0,2,1,2,3,1,0,0,2,2,1,0,1,0,0,1,0,0,2,2,1,0,0,3,3
site_144,8311.09987188543,1482.87301577461,,0,0,0,3,1,0,1,3,3,2,1,2,0,2,0,0,0,1,0,0,2,1,2,3,0,1,3,2,3,1
site_145,7626.32102707091,1436.80037029525,,0,0,0,2,3,0,1,3,3,1,1,0,0,2,0,0,0,3,0,0,0,0,0,3,2,0,3,2,3,3
site_146,7805.31749563901,1597.92498690633,,1,0,0,1,1,1,1,3,2,1,1,0,0,2,2,1,0,0,0,0,0,0,0,3,2,0,3,2,3,1
site_147,7883.13988543079,1623.49631134282,,0,0,0,3,1,0,1,3,3,3,1,0,0,2,0,0,0,1,1,0,2,0,0,2,2,1,3,2,3,1
site_148,7213.62217991089,1838.53713163755,,1,0,0,3,1,0,1,0,2,3,1,3,2,2,0,1,0,1,0,0,2,0,0,1,1,2,1,2,3,1
site_149,7343.49893297971,1822.33552045493,,0,0,0,1,1,1,1,1,0,3,1,3,0,2,0,1,0,1,3,0,2,0,2,3,2,1,3,2,3,3
site_150,7140.32198303379,2351.89161955461,,1,1,0,3,1,1,1,0,2,0,1,3,0,2,2,0,0,1,3,0,2,0,0,3,2,1,3,0,3,1
site_151,7324.53232259933,2100.34729857417,,0,1,1,3,1,0,1,2,3,0,1,3,0,2,0,0,0,1,0,0,2,0,1,2,1,1,3,2,0,1
site_152,7223.55941474656,2281.59600087237,,0,0,0,1,1,0,1,3,3,0,3,2,0,2,0,0,0,3,0,2,2,0,2,0,2,1,3,0,2,3
site_153,8593.67123687926,576.008772902781,,0,0,0,1,1,1,1,0,0,1,3,3,0,2,2,0,0,1,0,0,2,0,0,3,2,2,3,2,3,1
site_154,8615.59388184296,1556.08198711418,,0,0,0,3,3,0,2,1,3,2,1,2,0,2,0,0,0,3,0,0,2,1,0,3,0,1,3,2,3,3
site_155,8429.45774270819,1238.74074240714,family_2,2,1,0,3,2,2,1,0,3,2,3,1,0,2,0,0,0,1,3,3,1,0,1,1,0,0,3,2,1,2
site_156,5335.26896860749,3376.13444210705,,0,0,0,1,3,0,1,3,1,3,1,0,0,2,0,0,0,1,0,0,2,1,2,1,0,2,3,2,3,1
site_157,8744.02725875744,926.735129102901,,0,0,0,1,3,0,1,1,2,3,1,0,0,2,2,1,0,1,0,2,2,0,2,2,3,2,3,2,3,3
site_158,9108.96529056844,831.375706353644,family_2,2,1,0,1,2,2,1,0,0,2,0,3,0,2,2,0,0,1,3,3,1,0,0,0,3,1,2,0,1,0
site_159,6774.45994694586,4055.71728933458,family_2,2,0,0,1,3,1,1,0,2,2,1,2,0,2,0,0,0,1,1,0,1,0,0,2,1,1,3,2,3,2
site_160,7154.04879812496,3496.97698310075,,0,1,0,3,1,0,1,0,0,1,1,3,0,2,0,0,0,1,3,0,2,0,0,3,0,1,0,2,3,1
site_161,4967.14268528162,4979.29623828642,,0,0,0,1,1,0,1,0,3,1,3,0,0,2,2,0,0,1,3,2,0,0,0,1,2,2,3,2,3,1
site_162,6462.39866234063,7505.5335512183,,2,1,0,1,1,1,1,0,2,0,1,2,0,2,1,1,1,0,0,1,2,0,2,1,1,1,1,2,1,2
site_163,4738.79770959381,7336.62954162709,,0,0,0,1,3,1,1,2,2,2,1,3,2,2,2,0,0,2,0,0,2,1,2,3,1,2,3,2,3,3
site_164,5142.71678267688,7368.73495605314,,0,0,0,1,1,1,1,3,3,1,1,0,0,2,0,0,0,1,0,0,2,1,0,3,0,1,3,2,3,3
site_165,6461.56560493763,7538.07948590401,,0,1,0,1,1,2,1,2,2,3,2,2,0,1,2,0,1,0,2,2,2,0,2,1,1,2,3,2,1,2
site_166,10233.7587691618,2309.00628342145,,0,0,0,3,1,0,1,0,2,1,1,0,0,2,0,0,0,1,1,0,2,0,0,2,0,0,0,2,3,1
site_167,10612.4514640199,1599.25151984465,,0,0,0,1,3,2,1,3,2,2,1,3,0,2,0,0,0,1,0,0,2,0,0,2,2,0,1,2,3,1
site_168,10620.6933511406,2199.09019342732,,1,0,0,1,3,0,1,0,3,1,1,0,0,2,0,0,0,1,1,0,2,0,0,2,2,2,3,2,3,1
site_169,6638.55951699865,7362.76627510114,,0,1,0,2,0,1,1,0,2,0,3,2,3,1,2,0,1,1,2,0,2,0,2,1,1,2,1,3,0,3
site_170,6595.86196151554,7406.1128986734,,1,0,0,3,3,2,1,0,2,1,0,2,0,1,0,0,1,0,2,1,2,0,2,3,1,2,1,2,1,1
site_171,6575.673897008,7392.07389968437,,0,1,0,3,1,1,1,0,2,0,1,2,0,2,0,1,1,3,2,1,2,0,2,1,1,1,3,3,0,2
site_172,10221.1139258798,2219.67047861159,,0,0,0,3,1,2,1,1,2,2,3,0,0,2,0,1,0,1,0,0,0,0,0,3,0,1,3,2,3,1
site_173,8369.72706932642,1668.9387919859,,0,0,0,1,1,0,1,0,0,3,1,0,0,2,0,0,0,1,0,0,2,1,0,2,2,1,3,2,3,3
site_174,6837.51574576462,7379.89639269697,,0,1,0,2,1,2,1,1,2,0,1,2,0,0,0,1,1,1,2,1,2,0,2,1,0,2,1,3,0,2
site_175,3446.22433034418,3241.95792080425,,0,0,0,2,3,0,1,0,2,3,1,0,0,2,2,0,0,1,0,0,2,1,0,3,2,1,3,2,3,1
site_176,8761.3375961256,4823.69261341475,,0,0,0,3,3,0,1,1,3,1,1,2,0,2,0,0,0,3,0,0,0,0,0,3,0,2,3,2,2,3
site_177,5536.27422350547,7660.60124212915,,0,0,0,3,1,0,1,0,0,3,3,3,0,2,0,0,0,1,3,0,2,0,2,3,3,1,3,2,3,1
site_178,5530.92294105997,7680.4546138925,,1,0,1,3,3,1,1,0,0,2,1,0,0,2,2,0,0,1,0,0,2,0,2,2,2,1,3,2,3,1
site_179,5757.8244886248,7741.37114164347,,0,0,0,1,1,0,1,2,2,2,1,0,0,2,2,1,0,1,0,0,2,1,2,1,2,1,3,2,3,3
site_180,4117.74034527478,7885.28456733587,,0,0,0,1,1,1,1,3,2,2,1,2,0,2,2,1,0,2,3,0,2,1,0,3,0,1,0,2,3,1
site_181,9395.25931468926,1477.29410590647,,0,0,0,1,3,0,1,1,3,3,1,3,0,2,0,0,0,1,0,0,2,0,2,1,2,1,3,2,2,3
site_182,5541.10793181533,7697.14940572903,,0,0,0,3,1,0,1,0,2,1,1,0,0,2,2,0,0,1,3,0,2,0,0,1,1,2,3,0,3,1
site_183,3557.20799672669,8352.86743057908,,1,1,0,3,1,0,1,1,0,2,3,0,0,2,0,1,0,1,0,0,2,0,0,3,2,1,1,2,2,3
site_184,3027.20301061672,10744.6610529869,,0,0,0,1,3,0,1,1,3,1,1,0,0,2,0,1,0,1,0,0,2,1,2,1,1,2,1,2,3,1
site_185,5171.85289609606,4601.6307318527,,0,0,0,3,1,0,1,1,3,2,3,3,0,2,0,1,0,1,3,2,2,1,2,3,2,1,3,2,3,1
site_186,3738.29688248966,11301.1898689998,,0,0,0,1,1,2,1,2,2,1,1,0,0,2,0,0,0,1,3,0,0,0,0,3,0,1,3,2,3,3
site_187,10025.9113642767,4527.41053428013,,0,1,0,1,0,0,1,0,1,1,1,0,0,2,0,1,0,1,1,0,0,0,0,1,2,2,1,2,3,3
site_188,6921.86219230788,7141.00105854733,,0,1,0,1,1,1,3,2,2,0,1,1,0,2,2,0,1,2,0,1,2,0,2,2,1,1,1,3,3,2
site_189,5479.5469043667,7667.89079465939,,0,0,1,1,3,0,1,0,2,2,1,3,0,2,2,1,0,1,0,2,0,1,0,1,0,2,3,2,3,1
site_190,3679.41632411516,5444.49712895226,,1,0,0,3,1,0,1,1,0,3,1,0,2,2,0,1,0,1,0,0,2,0,2,3,0,1,3,2,3,3
site_191,10115.1638724364,3629.4947753804,,0,0,0,3,3,1,1,0,0,0,1,3,0,2,0,0,0,1,1,0,2,0,0,3,2,0,3,2,3,3
site_192,2587.53249256776,5182.71134252401,,0,0,0,3,1,1,1,3,0,2,1,3,0,2,2,0,1,1,0,0,2,1,2,3,2,1,3,2,3,3
site_193,9339.86262048946,2089.31747549905,,0,0,0,3,1,1,1,0,1,2,1,0,0,1,0,1,0,1,0,0,0,0,0,1,0,2,3,2,3,3
site_194,7663.41893919197,5782.6806077152,,1,1,0,1,1,1,1,2,2,0,3,2,0,1,2,0,1,0,2,1,2,0,2,2,1,1,3,1,1,2
site_195,9020.84771446165,2599.41030559301,,0,0,0,3,3,0,3,1,2,0,1,0,0,2,0,0,0,1,3,0,2,0,0,3,0,0,3,0,3,3
site_196,8877.69046943553,4196.02251167899,,0,0,0,3,1,0,1,1,0,3,1,0,0,2,0,1,0,1,3,0,2,0,2,2,2,1,3,2,3,3
site_197,6062.02999012716,9586.55915684883,,0,0,0,3,1,0,1,0,2,2,0,3,0,2,0,0,0,1,3,0,2,0,0,2,0,1,3,2,2,1
site_198,5966.16693614391,9370.81056533409,,1,0,0,1,3,0,3,2,1,3,3,2,0,2,2,1,0,1,0,0,0,1,0,2,0,2,3,2,2,1
site_199,9600.77861722449,5152.34103478717,,0,0,0,1,1,0,1,1,1,2,3,3,0,2,0,1,0,3,2,0,2,0,0,2,0,0,3,2,3,1
site_200,5193.38024926694,8093.85383785452,,0,0,0,3,1,0,0,1,3,2,3,3,0,2,0,0,0,1,0,0,2,0,2,1,2,1,3,2,2,1
site_201,10566.6538781328,5261.54242355535,,0,0,0,3,0,0,0,0,3,1,3,3,0,2,0,0,0,1,3,0,2,0,0,3,0,1,3,2,3,3
site_202,10050.8372728869,4278.61936794855,,0,0,0,3,1,0,1,0,3,1,1,3,0,2,0,1,0,1,0,0,2,0,0,3,2,1,3,2,3,1
site_203,4967.76853740083,6997.65187210762,,0,1,0,1,1,0,1,2,0,0,1,0,0,2,0,1,0,3,0,0,2,1,2,3,0,1,1,2,3,3
site_204,9770.46637237442,6053.67671201307,,0,0,0,1,1,2,1,3,3,2,1,3,0,2,2,0,0,3,0,0,2,1,0,1,0,1,3,2,3,3
site_205,9653.56044866344,6152.80427741059,,0,0,1,3,1,0,1,3,0,2,1,3,0,2,0,0,0,1,0,0,1,0,0,1,2,2,3,2,0,3
site_206,2616.00985914723,8734.41519828245,,0,0,0,3,1,0,1,0,1,0,3,3,0,2,2,1,0,1,3,2,2,0,2,0,0,1,3,2,3,0
site_207,8722.89771135235,4678.70782793259,,0,0,0,3,1,0,1,0,2,2,1,3,0,2,0,1,0,1,0,0,2,0,2,1,0,2,3,2,3,1
site_208,6882.02963658627,6084.54971390962,,0,0,0,3,1,0,1,1,2,2,3,0,2,2,2,1,0,1,3,2,2,0,0,1,2,2,1,2,3,3
site_209,9556.72589404901,4730.35215321071,,0,0,0,1,1,0,1,0,3,2,1,0,0,2,2,0,0,1,0,0,1,0,0,3,2,1,3,2,2,1
site_210,10265.3728038189,4623.96061348834,,0,0,0,3,3,0,1,0,3,0,1,0,0,2,0,1,0,1,3,2,2,0,0,2,2,0,3,2,2,1
site_211,10229.2385212942,4624.86709322409,,0,0,0,3,1,0,1,0,0,2,1,0,0,2,0,0,0,3,0,0,2,0,2,3,2,0,3,2,2,1
site_212,2389.32033767838,9484.7350649882,,0,0,0,3,1,2,1,3,2,3,1,0,0,2,1,1,0,1,0,0,0,0,0,1,0,2,3,2,3,1
site_213,8760.21753491348,4560.760689189,,2,0,0,1,3,0,1,0,2,3,1,0,2,2,3,0,0,1,0,0,2,1,0,3,2,2,3,2,0,1
site_214,6010.48425454596,9458.03121988065,,0,0,0,1,1,0,1,1,2,3,1,3,0,2,0,0,0,1,0,0,2,0,0,3,3,0,3,2,3,3
site_215,1596.66507959708,3034.01377204832,,0,0,1,3,3,0,1,1,2,2,1,3,0,2,0,0,0,1,0,0,2,0,2,3,3,0,1,2,3,1
site_216,5727.51840594002,5155.85807079305,,0,0,0,3,3,0,1,1,0,1,3,0,0,2,0,1,0,1,3,0,2,0,0,1,0,1,0,2,3,1
site_217,2801.09025588585,8133.18066173799,,0,0,0,1,1,0,1,0,2,2,1,3,0,2,2,0,0,1,3,0,2,0,0,2,0,1,3,2,3,1
site_218,8730.23835068749,4521.41297714538,,0,0,0,2,1,0,1,3,2,2,1,3,0,2,2,0,0,1,2,0,2,1,2,3,1,0,3,2,3,1
site_219,6045.72948304027,9547.24177883908,family_2,2,1,0,1,1,1,2,3,3,2,2,3,0,2,0,0,0,1,2,0,1,0,0,0,0,2,3,0,1,0
site_220,10037.0660487099,4556.73844803281,family_2,2,1,0,1,3,1,1,1,0,2,1,2,0,2,0,0,0,1,3,3,1,0,0,3,0,2,3,0,1,0
site_221,6285.83488103526,7696.17396397823,,0,1,0,0,1,1,1,0,2,0,2,2,0,1,0,0,1,0,3,1,2,0,2,1,0,2,3,3,1,2
site_222,6011.99520293093,9531.02414611729,,0,0,0,1,3,0,1,0,2,3,3,3,0,2,0,0,0,3,3,0,2,1,0,3,0,1,3,2,3,1
site_223,8749.76449766067,4608.20316752797,,0,0,1,3,1,0,3,1,0,3,1,3,0,2,0,1,0,3,3,0,3,0,2,2,2,1,1,2,3,3
site_224,10586.8499952094,946.336653042642,,0,0,0,3,1,0,1,1,2,2,1,0,0,2,2,0,0,1,0,2,1,0,2,3,2,1,3,2,3,1
site_225,8723.40535820691,4564.10789470263,,1,0,0,1,1,0,1,0,3,1,1,0,0,2,0,1,0,1,0,2,2,0,2,3,0,1,3,2,3,1
site_226,6853.02493509121,7544.05519436053,,0,0,0,1,3,0,1,1,2,1,1,0,0,2,2,0,0,1,3,0,2,0,0,2,0,2,3,2,3,1
site_227,10964.2017224905,6540.29742450528,family_1,0,1,1,3,3,2,1,3,3,1,0,3,0,2,3,1,0,1,2,2,1,0,1,2,0,2,0,2,3,1
site_228,9070.38986807823,4980.70822541074,,0,1,0,3,1,0,1,1,2,3,3,3,0,2,0,0,0,3,1,0,2,0,0,0,0,1,3,2,3,3
site_229,9653.10007622069,2034.37724407144,,0,0,0,1,1,0,1,1,1,3,0,0,0,2,1,0,0,1,0,0,2,0,0,3,0,1,3,2,0,3
site_230,5354.99564398417,10884.8793747771,,1,0,0,3,1,0,1,0,2,2,1,3,2,2,2,1,0,1,3,0,2,1,0,2,0,2,3,2,0,1
site_231,8795.86560645344,4502.48837992441,,0,0,1,1,1,0,1,3,0,3,3,3,0,2,0,1,0,1,0,2,2,0,0,1,2,2,3,2,2,3
site_232,9371.7209162237,4919.16169486674,,0,0,0,3,3,0,1,3,1,2,1,0,2,2,0,0,0,1,0,0,2,0,0,2,0,2,3,2,2,1
site_233,8720.48719926356,4761.05745706845,,0,1,1,3,1,0,1,3,3,3,1,3,0,2,0,0,0,1,1,0,2,0,0,1,0,2,3,2,3,3
site_234,4119.69150592462,9432.21207555266,,0,1,0,3,3,0,1,0,2,3,3,3,0,2,0,1,0,1,0,0,2,0,0,3,0,1,3,2,3,1
site_235,4208.56895599537,12233.1592158787,,0,0,0,3,0,0,1,1,2,1,1,3,0,2,0,0,0,1,0,0,1,0,0,3,0,1,3,2,3,1
site_236,7944.10742085225,9087.18038409458,,0,0,0,1,1,0,1,1,3,2,3,0,0,2,1,0,0,1,3,0,2,1,0,2,0,1,3,0,3,1
site_237,7069.15599503555,6825.90367532857,,0,0,0,3,1,1,1,2,2,3,3,2,0,0,2,1,1,0,2,1,2,0,2,3,0,1,3,3,0,2
site_238,7105.01821207834,8554.58022705132,,0,0,0,2,3,0,1,3,3,3,3,2,0,2,0,0,0,1,1,0,2,0,1,1,2,1,3,2,3,3
site_239,8581.30448297706,6643.41977760248,,1,0,0,1,1,0,1,0,3,3,3,0,0,2,0,1,0,1,1,0,3,0,2,3,3,1,1,2,2,3
site_240,7422.93177172165,7033.37164739353,,1,0,0,1,3,1,2,0,0,1,1,3,0,2,3,1,0,1,1,0,0,0,0,3,0,2,1,2,3,1
site_241,7882.0958682621,7771.66723696601,,0,0,0,3,1,0,1,1,3,3,1,3,0,2,0,0,0,1,0,0,2,0,0,3,0,2,3,3,3,1
site_242,6655.93834404997,7777.81032303767,,0,0,0,3,1,0,1,1,2,1,1,3,0,2,0,0,0,1,3,0,2,1,2,2,0,1,1,2,3,1
site_243,9600.09631211714,1124.6004179011,,1,0,0,3,1,0,1,1,0,1,3,3,0,2,0,1,0,1,0,0,1,0,0,3,0,1,3,2,3,3
site_244,2370.56581422564,12368.6315882615,,0,0,0,3,1,0,1,3,3,3,1,0,0,2,2,0,0,1,3,0,2,1,2,3,2,0,3,2,3,1
site_245,5076.95058137965,8710.79191935791,,1,0,0,1,3,1,1,3,2,2,1,0,0,2,0,0,0,1,3,0,2,0,0,3,2,1,3,2,3,1
site_246,1843.46315121987,10093.6383152625,family_1,0,0,1,1,0,0,2,2,1,1,3,3,2,2,2,1,0,3,1,2,1,0,1,1,0,2,3,2,0,0
site_247,1981.73707354434,9824.12379649195,,0,0,0,3,1,0,1,2,0,2,1,2,0,2,0,0,0,1,0,0,2,0,0,3,2,1,1,2,3,1
site_248,7003.03439086524,6520.70987138266,,0,1,0,1,3,1,1,1,2,0,2,2,0,2,0,1,1,0,2,1,2,0,2,1,1,2,3,3,0,3
site_249,2298.95223332296,9239.65955527631,,0,0,0,1,3,0,1,0,3,2,1,0,0,2,2,0,0,1,0,0,2,0,2,0,0,1,3,0,3,1
site_250,2670.07622614858,8843.70522997941,,0,0,0,1,1,0,1,2,2,2,1,3,0,2,0,1,0,3,0,0,1,0,0,2,2,1,3,2,3,3
site_251,2696.11783299996,8860.12216780784,,0,0,0,1,3,0,1,0,3,3,1,3,0,2,2,1,1,2,3,0,1,1,1,3,0,1,3,2,3,3
site_252,6573.16764476229,7412.41829302996,,0,0,0,3,1,1,1,1,2,1,2,2,0,2,0,1,1,1,2,1,2,0,0,1,1,2,3,3,1,2
site_253,2902.62057040402,12408.8336571449,,0,0,0,1,0,0,1,0,3,3,1,0,2,2,2,0,0,3,3,0,2,0,0,3,0,1,3,2,3,1
site_254,4220.90054244037,9394.10415868106,,1,0,0,1,3,0,2,0,3,1,2,3,0,2,2,1,0,0,0,0,2,1,0,3,0,1,3,2,3,1
site_255,10047.6876605401,1078.35937064739,,1,0,0,3,3,0,1,3,2,2,3,3,2,2,0,1,0,1,0,2,0,0,0,0,2,2,1,2,3,1
site_256,4405.55968433953,9014.92216351698,,1,0,0,1,1,0,1,1,0,1,1,0,0,2,2,1,0,1,0,0,2,1,0,2,2,1,3,2,3,1
site_257,4549.53758189902,9085.21514161804,,1,0,1,3,1,0,1,3,3,3,1,2,2,2,0,1,0,1,3,0,2,0,0,3,0,0,3,2,3,1
site_258,5833.61395080084,7842.96201458369,,0,0,0,1,1,0,1,0,2,1,1,0,0,2,2,0,1,1,0,0,2,0,2,2,2,2,3,2,3,1
site_259,7527.0849837359,6276.50724169416,,0,1,0,3,1,1,1,2,2,0,1,2,0,1,1,0,1,1,0,1,1,0,2,1,1,2,3,3,1,1
site_260,10495.4956522856,1286.34017705649,family_1,0,0,0,1,3,2,1,3,0,0,1,2,0,2,0,0,0,1,3,1,2,0,1,1,2,1,3,2,1,3
site_261,3813.91098120698,11068.5805039348,,0,0,0,1,1,0,2,0,0,0,1,3,0,2,2,0,0,3,0,0,2,1,2,1,0,2,0,2,3,1
site_262,2754.21090406441,9730.34476167617,,1,0,0,1,1,0,1,3,2,3,1,3,0,2,0,0,0,1,3,0,0,0,0,1,0,2,3,2,3,3
site_263,5502.63652634441,10711.0840123438,,0,0,0,3,3,0,1,0,2,3,1,3,0,2,2,0,0,1,0,0,2,0,0,3,0,2,3,2,3,3
site_264,4310.42682834818,8233.07268538492,,0,0,0,1,1,0,1,0,3,3,1,0,0,2,0,0,0,0,0,0,2,0,0,3,2,0,3,2,2,1
site_265,9620.01106657428,1475.53764421586,,0,0,0,3,1,1,1,0,2,3,3,0,0,2,3,0,0,1,0,0,2,0,0,3,2,2,3,2,3,1
site_266,5412.8365103508,8712.46149225774,,1,0,0,1,3,1,1,0,3,1,1,3,0,2,2,1,0,1,2,0,2,0,2,3,0,1,3,2,3,1
site_267,7392.54684104056,4194.27770830535,,0,0,0,1,1,0,2,1,3,2,3,0,0,2,0,1,0,1,0,2,2,1,0,3,2,1,3,2,3,3
site_268,4321.77957527698,5183.65601878373,,0,0,0,1,1,0,1,1,2,1,1,0,0,2,2,0,0,1,0,0,2,0,2,1,0,1,3,2,3,1
site_269,7070.51082811377,6571.729518136,,0,1,0,3,1,1,3,0,2,3,3,2,0,1,1,0,1,0,2,1,2,0,2,1,0,2,3,3,1,2
site_270,2888.29751836912,12419.8902069537,,0,0,0,3,1,0,2,0,2,1,3,0,0,2,0,1,0,1,3,0,2,0,2,1,3,0,3,2,3,1
site_271,2292.54268887513,10066.5224710259,,0,0,0,1,1,0,1,3,0,2,1,0,0,2,2,1,0,1,3,0,3,0,2,0,0,0,3,2,3,1
site_272,4911.90335181141,9207.43628647744,,0,0,0,3,1,0,1,2,2,2,3,0,2,0,2,1,1,1,0,0,2,0,0,3,0,1,3,2,3,1
site_273,4205.4006982198,8229.72930809308,family_1,0,1,0,3,3,2,2,3,2,0,1,1,0,2,0,0,0,3,0,0,2,0,2,0,0,0,0,2,1,0
site_274,6519.04690019724,7561.3094185214,,0,1,0,3,1,1,1,2,2,2,3,2,0,1,2,0,1,0,2,1,2,0,2,3,1,2,3,3,1,3
site_275,6869.29108868404,7187.55458632185,,0,1,0,1,1,1,1,0,2,0,1,0,0,2,0,0,1,0,2,1,2,0,2,2,1,1,3,3,0,2
site_276,3047.28051656484,7871.96125718149,,0,0,0,1,3,0,1,0,2,1,1,0,0,0,0,0,0,1,0,0,2,0,2,2,2,2,3,2,3,1
site_277,2139.84204444881,9631.62636269841,,0,0,0,1,1,0,0,0,2,1,1,3,0,2,0,1,0,1,1,0,2,1,0,3,0,1,3,2,0,1
site_278,4207.32492958126,9820.55739989647,,0,0,0,3,1,0,1,3,3,3,1,3,0,2,0,1,0,2,0,0,2,1,2,3,0,1,3,2,2,1
site_279,5481.53297273681,4842.58790947654,,1,0,0,1,3,0,1,3,2,1,3,0,0,2,0,0,0,1,2,0,2,0,2,3,0,1,3,2,3,1
site_280,5930.03211673155,8309.325559152,,1,1,0,1,1,2,1,1,2,3,1,3,0,2,0,1,0,1,0,0,2,0,0,3,2,1,3,0,3,1
site_281,4458.90853588884,9667.85916155016,,2,0,0,3,1,0,1,0,2,2,1,0,0,2,0,0,1,3,0,0,0,0,0,2,0,1,3,2,3,3
site_282,4086.3185242316,9721.1547018094,,0,0,0,3,3,0,1,2,3,3,1,0,0,2,2,0,0,2,0,0,2,0,0,3,2,1,3,2,3,3
site_283,8760.60498215546,4529.71692091246,,2,0,0,3,3,2,1,0,1,2,1,3,0,2,2,0,0,2,3,0,2,0,1,1,0,1,3,2,3,1
site_284,4085.36499092243,9742.54313490543,,0,0,0,3,1,0,0,0,3,0,1,0,0,2,0,1,0,1,0,0,2,1,0,0,2,1,3,2,3,1
site_285,5615.43348170647,4961.04173448468,,0,0,0,1,3,0,2,1,2,3,1,0,0,2,3,0,0,3,3,0,2,0,2,3,0,2,3,2,3,3
site_286,5875.00878225321,8366.51732080093,,0,0,1,3,1,1,1,0,3,2,1,0,2,2,3,1,0,1,0,0,2,1,2,2,0,1,3,0,3,1
site_287,9434.1887303185,4857.0118908173,,0,1,0,2,1,0,1,0,2,1,1,0,0,2,3,0,0,1,0,2,2,1,0,2,2,1,3,2,0,1
site_288,5411.99838760925,7582.92322872463,,0,0,0,2,1,0,1,3,3,0,3,0,0,2,0,1,0,1,0,2,2,0,0,3,2,2,3,2,3,1
site_289,9195.9133255131,3669.89322844893,family_2,2,1,0,3,3,2,1,0,3,0,1,1,0,2,2,1,0,1,1,0,1,0,0,3,2,1,3,2,1,2
site_290,9828.20833939972,894.995529367587,,0,0,0,1,1,0,1,1,3,0,1,3,0,2,0,0,1,1,0,0,2,0,2,1,0,0,1,2,3,1
site_291,8985.78432701676,2211.69227060948,,0,0,0,1,3,0,1,0,3,2,1,0,0,2,2,1,0,2,0,0,2,0,0,3,0,1,3,2,3,1
site_292,5872.05394313866,8348.2229581164,,0,0,0,3,3,0,1,0,2,1,1,3,0,2,0,0,0,1,2,0,2,0,2,3,0,1,3,2,3,3
site_293,3627.96649224332,6955.00092678696,,0,0,0,2,3,0,1,0,1,1,1,2,2,2,2,0,0,1,0,2,2,0,2,3,0,0,3,0,3,1
site_294,5675.38653574084,8174.22023023764,,1,0,0,1,3,0,3,0,2,3,1,3,0,2,2,1,0,3,3,0,2,0,2,0,3,1,3,2,3,1
site_295,5718.03471857434,8226.03799034948,,0,0,0,1,1,0,1,1,2,2,0,3,0,2,0,0,0,1,0,0,2,0,0,3,2,1,3,2,3,1
site_296,4106.98612810772,9257.56558698016,,0,1,0,3,1,0,1,1,3,2,1,2,0,2,0,1,0,1,3,0,2,1,2,1,2,1,1,2,3,1
site_297,9459.06753350777,2216.79464729442,family_1,0,0,1,1,1,2,2,0,3,1,1,0,0,2,3,1,0,1,1,0,1,0,1,3,0,2,3,2,1,0
site_298,8928.67466103148,4064.43502915838,family_1,2,0,1,2,3,0,1,1,3,1,0,2,0,2,0,1,0,1,0,3,2,0,1,2,0,0,0,2,0,0
site_299,8968.87604368873,3956.74760637677,,0,0,0,3,1,0,1,0,1,1,1,0,0,2,2,0,0,1,3,2,2,0,2,1,2,1,3,2,3,3
site_300,8904.90261698654,4011.40988733911,,0,1,0,3,1,0,1,2,2,2,1,3,0,2,0,0,0,1,1,0,2,1,0,0,0,2,3,2,3,1
site_301,10387.6434508292,4691.99716937769,,0,0,0,1,3,0,1,1,3,1,1,3,0,2,0,1,0,1,3,0,2,0,0,1,0,1,1,2,3,1
site_302,21.761006149522,1949.09014321986,,0,0,0,1,1,0,1,1,0,2,1,0,0,2,0,0,0,1,0,0,2,1,2,3,0,0,3,2,3,3
site_303,5666.85766672852,7755.32804654636,,0,0,0,1,1,0,1,1,2,3,1,3,0,2,0,1,0,3,3,0,2,0,2,3,2,1,3,2,2,3
site_304,10051.7172156335,4509.77606510738,,0,0,0,3,3,1,1,3,2,2,1,0,0,2,0,0,0,1,3,0,2,0,2,3,0,1,3,2,3,3
site_305,10016.0595878063,4539.31325985761,,0,0,0,3,3,0,3,3,3,3,1,0,0,2,2,0,0,1,0,0,2,0,2,3,2,1,3,2,2,3
site_306,9898.23660013464,4677.7275481842,,0,0,0,1,3,0,1,0,3,2,3,0,0,2,0,1,0,1,0,0,2,1,0,3,2,2,3,2,3,1
site_307,9095.17051634823,5651.0650482475,,0,0,0,3,1,1,1,0,3,1,3,0,0,2,2,0,0,1,3,0,2,0,2,2,2,1,3,2,3,1
site_308,9780.99708025949,2282.32850291399,,0,0,0,1,1,0,1,0,3,3,3,2,2,2,2,0,0,0,3,0,2,0,2,2,0,1,3,0,0,1
site_309,9597.42715696108,2383.82354536131,,1,0,0,1,1,0,3,1,0,1,1,0,0,2,0,0,0,3,3,2,2,0,2,1,0,1,0,2,3,1
site_310,2670.86587735236,10378.9120423588,family_1,1,1,1,3,0,1,2,0,2,1,2,2,0,2,3,0,0,1,2,0,1,0,1,2,0,0,3,2,3,3
site_311,10550.5829327299,1284.71231845135,,0,0,0,1,3,0,1,0,2,2,1,3,0,2,0,0,0,1,0,0,2,0,2,3,2,0,3,2,0,1
site_312,10584.1528274048,1118.44443907869,,0,0,0,3,3,0,3,1,1,3,1,0,2,2,0,1,0,1,0,2,2,0,1,1,0,0,1,2,3,1
site_313,10537.1681820487,1175.56655711873,family_2,2,1,0,2,3,0,1,1,2,2,1,2,0,2,1,1,0,1,2,0,1,0,1,0,3,2,0,2,1,2
site_314,10624.2789859708,1192.86611407439,,0,0,0,1,3,0,1,2,3,2,1,3,0,2,0,1,0,1,1,0,2,0,0,3,0,1,3,2,3,1
site_315,10564.0231915295,1220.93211525293,,0,0,0,1,3,0,1,0,3,2,1,0,0,2,2,0,0,1,0,0,2,1,0,3,2,1,3,2,3,3
site_316,10529.4416084986,1213.83539922962,,0,0,0,1,1,0,2,1,2,1,3,0,2,2,2,1,0,1,0,0,2,0,0,3,2,2,3,2,3,3
site_317,10631.870178389,1153.99409840656,,0,0,0,1,3,0,1,3,0,0,1,2,0,2,2,1,0,1,0,0,2,0,0,3,0,1,0,2,2,3
site_318,10556.0073421976,1259.37095887344,,0,0,1,2,3,0,1,0,3,3,3,3,0,2,2,0,0,1,1,0,2,1,0,1,0,0,3,2,3,1
site_319,10608.355169972,1270.46126700506,,0,0,0,1,1,0,1,1,2,2,1,3,0,2,0,0,0,1,3,0,2,0,2,2,2,1,3,2,3,1
site_320,10676.7924126801,1203.29488955792,,0,0,0,1,1,0,1,0,3,2,3,3,0,2,2,0,0,1,0,0,2,0,2,2,2,1,3,2,3,1
site_321,3293.19313942608,8182.20012012063,,0,0,0,3,3,0,1,0,0,3,1,2,0,2,0,1,0,1,0,0,2,1,0,3,2,0,3,2,3,1
site_322,3179.53552922085,8010.49367026297,,0,0,0,3,0,2,1,0,2,2,1,0,2,2,2,1,0,1,3,0,2,0,2,0,0,1,3,2,3,1
site_323,2823.23997134528,7942.79977751931,,0,0,0,1,1,0,1,1,2,0,1,3,0,2,0,0,0,1,2,0,2,1,2,1,0,2,3,2,3,1
site_324,3152.66184471306,8063.71285125308,,0,0,0,1,1,2,1,3,3,1,3,0,0,2,0,0,0,2,0,2,2,1,0,3,2,1,3,0,3,1
site_325,4753.69613943239,8118.36531620568,,2,0,0,3,1,0,1,0,3,0,3,0,0,0,0,0,0,2,0,2,2,1,0,3,2,1,1,2,3,1
site_326,9357.3235294162,4780.73059786338,,0,0,0,3,1,1,1,0,2,0,1,2,0,2,0,0,0,1,0,0,2,0,0,3,0,1,3,2,3,1
site_327,9041.12842334166,2097.30417602589,,0,0,0,1,1,2,3,2,2,1,1,3,0,2,3,0,0,1,0,0,2,0,2,3,0,1,3,2,3,1
site_328,8791.8271881518,4550.36880044019,,0,0,0,1,3,1,1,0,2,3,1,0,0,2,0,1,0,3,3,0,2,0,0,1,0,2,3,2,3,3
site_329,4163.03508437836,8000.34747014618,,2,0,0,1,3,0,1,1,2,2,1,3,0,2,0,1,1,1,3,0,2,1,2,3,2,2,3,2,3,1
site_330,9636.05854632902,1515.66402146137,,0,1,0,1,0,0,1,0,1,2,1,0,0,2,0,0,0,1,0,0,2,0,0,3,2,2,0,2,3,1
site_331,9590.54138224309,1572.62712795426,,0,0,0,3,3,0,1,3,3,3,1,3,0,2,2,0,0,1,0,0,2,0,2,2,2,1,1,2,3,3
site_332,6018.95273660037,7867.23287402564,family_1,0,1,1,3,3,2,1,0,2,1,3,2,0,2,0,1,0,1,2,0,2,0,1,0,0,2,0,2,2,0
site_333,1046.3915329105,1856.96899427661,,0,0,0,3,1,0,3,0,3,3,3,3,0,2,0,0,0,1,3,0,2,0,0,2,0,2,1,2,3,3
site_334,3451.14195264732,5513.36737395962,,2,0,0,1,1,0,1,3,2,0,1,0,0,2,2,0,1,1,0,0,0,0,0,3,2,1,3,2,3,3
site_335,2554.84697552143,8922.34429294295,,0,0,0,3,1,0,1,2,2,2,0,0,0,2,0,1,0,1,1,0,2,1,0,1,0,1,3,0,3,1
site_336,9258.93123809684,2005.93745478816,,0,1,0,2,3,0,3,0,3,1,1,3,0,2,0,1,0,1,0,0,2,0,0,2,0,1,3,2,3,3
site_337,9356.16336820054,1786.07171471316,family_2,2,0,0,1,2,2,1,3,3,2,1,3,0,2,1,1,0,2,3,3,2,0,0,0,2,2,3,0,3,0
site_338,9396.54427604556,1931.72247874191,,0,0,0,1,1,0,1,0,3,1,3,0,0,2,2,0,0,0,0,0,2,0,1,1,2,0,3,2,3,1
site_339,9466.76138364621,1923.38981499976,,0,0,0,3,3,2,1,2,0,1,1,3,0,2,0,0,0,2,0,0,2,1,2,3,3,1,1,0,3,1
site_340,9663.38963742964,2821.88723501221,,0,0,0,3,3,0,3,3,3,3,1,3,0,2,0,0,0,1,0,2,2,0,2,3,2,1,3,2,2,3
site_341,9361.37436122535,625.388110976379,,0,0,0,3,1,0,0,1,3,1,1,0,0,2,0,0,0,1,3,0,2,0,2,3,0,1,1,2,3,3
site_342,9636.73596847503,595.888121508807,,0,0,0,3,1,0,1,0,3,1,1,3,0,2,0,0,1,1,3,0,0,0,0,3,0,1,0,2,3,3
site_343,10121.2325836311,4276.43298948366,,0,0,0,3,3,0,1,1,3,3,3,3,0,2,0,1,0,1,0,0,2,1,1,2,2,1,3,0,2,3
site_344,9801.55400238168,1787.80567052068,family_2,2,0,0,3,2,2,3,1,2,2,2,3,0,2,0,0,0,1,3,1,1,0,0,0,2,1,3,2,2,0
site_345,9875.36177060351,1953.54993006198,,0,0,0,3,1,0,1,3,2,2,1,0,0,2,0,1,0,1,0,0,2,0,0,3,0,1,3,2,3,3
site_346,9955.10950459157,1834.17047677746,family_1,0,1,0,1,3,1,1,3,3,0,1,3,0,2,2,1,0,3,1,0,1,0,1,0,0,2,3,2,0,3
site_347,9868.3413193774,1944.78070965693,,0,0,0,3,1,1,1,1,0,3,1,3,0,2,2,0,0,3,0,0,2,0,2,3,0,1,3,2,3,1
site_348,9854.28446529496,1933.45622321006,,0,0,0,1,1,1,1,1,2,2,1,0,0,2,0,0,0,1,3,0,2,1,0,1,1,0,0,2,3,1
site_349,9886.84809087005,1893.63725528655,,0,0,0,1,0,1,1,2,3,2,1,3,0,2,0,1,0,1,0,0,2,1,0,3,2,2,3,2,3,3
site_350,10255.3115358189,4636.38129885548,family_2,0,0,0,2,3,1,1,1,2,2,1,1,0,1,0,0,0,2,3,0,2,0,0,2,2,2,3,2,3,2
site_351,6252.65245051068,7741.75726080516,,0,1,0,3,1,1,1,2,2,3,1,2,0,2,3,0,1,0,2,1,2,0,2,1,2,1,3,2,1,2
site_352,4248.70525060714,12182.7520691277,,1,0,0,3,3,2,1,1,2,3,1,3,0,2,2,1,0,1,0,0,2,0,2,3,1,2,3,2,3,3
site_353,5750.63555258985,7970.79899205273,,0,0,0,3,1,0,3,1,3,2,1,0,0,2,0,0,0,1,0,0,2,0,0,3,2,1,3,2,3,3
site_354,10181.1541898032,2224.79445267158,,1,0,0,1,1,0,1,0,2,3,0,0,2,2,0,1,0,1,0,0,2,1,1,1,0,1,3,2,0,3
site_355,2675.27748953255,8462.00966809145,,1,0,0,1,3,0,1,2,2,3,1,3,0,2,2,0,1,1,0,0,2,0,0,0,2,2,3,2,3,1
site_356,3135.17662895733,5470.38065622708,,0,0,0,1,3,0,1,3,2,2,1,3,0,2,0,0,0,1,0,0,2,0,0,3,2,1,3,2,3,3
site_357,6869.00922465015,7109.60532448994,,0,1,0,3,1,0,1,1,2,3,1,2,0,1,0,1,1,0,2,1,2,0,2,3,1,1,3,2,0,2
site_358,8507.46221203694,4186.72081124262,,0,0,0,3,1,0,0,3,2,1,1,0,0,2,0,1,0,1,1,0,2,1,2,0,3,1,3,2,3,1
site_359,6595.6731359113,5856.53134806062,,0,0,0,1,3,0,1,0,3,3,1,0,0,2,0,0,1,1,0,0,2,0,0,3,0,1,3,2,3,3
site_360,5549.18336107911,6662.24060520792,family_2,0,1,0,1,3,2,3,0,3,2,1,2,0,2,0,0,0,0,1,0,0,0,0,2,1,1,3,2,1,2
site_361,8286.49250192969,5659.81461737679,family_2,2,1,0,1,2,1,2,1,3,2,1,0,0,2,0,0,0,2,3,0,1,0,0,3,1,2,3,2,3,0
site_362,8521.41893104501,5540.87814611572,,0,0,0,3,1,1,1,3,2,2,1,0,0,2,2,0,0,2,0,0,2,0,1,3,0,2,3,2,3,3
site_363,6766.5239678418,3019.66928719411,family_1,0,0,1,3,3,2,2,3,3,0,3,3,0,2,3,1,0,1,2,0,1,0,1,2,0,0,0,2,1,0
site_364,4791.83942634002,3017.11525345669,family_1,1,1,1,1,3,0,1,3,3,0,0,1,0,2,2,1,1,1,3,0,2,0,1,2,3,0,0,2,0,2
site_365,9750.84484322905,7249.46558204967,,0,0,0,3,3,0,1,1,2,2,1,0,0,2,2,0,0,1,0,0,2,0,1,3,2,1,3,2,3,1
site_366,7174.81938425892,6354.25926522172,family_1,0,1,0,1,1,1,1,2,2,3,2,2,0,2,1,1,0,1,3,3,1,0,1,2,0,0,3,3,0,3
site_367,3785.47280715298,11514.7946712756,,0,0,0,3,1,1,1,3,2,1,1,3,0,2,0,1,0,1,1,2,0,0,2,3,0,1,3,2,2,1
site_368,4975.93399833829,10814.8264564694,,0,0,0,3,1,0,1,0,2,3,1,3,0,2,0,1,0,3,0,0,2,0,2,2,0,1,3,2,3,1
site_369,6518.47843124954,8307.3611020869,,1,0,0,1,3,2,1,0,3,0,1,0,0,2,1,0,0,1,0,0,1,0,1,2,2,1,3,2,3,3
site_370,6007.14126904003,10063.2656223308,,0,0,0,1,1,0,1,0,3,2,1,3,0,2,0,0,0,3,0,0,2,0,1,3,0,1,3,0,2,1
site_371,3361.00975097049,11328.0760319532,,0,0,0,1,1,0,1,1,3,0,1,3,0,2,0,1,0,1,3,0,1,0,2,3,2,1,3,2,3,2
site_372,3839.3725622998,11046.2663944234,family_2,0,1,0,1,1,2,2,1,2,2,1,1,0,2,1,0,0,2,1,0,1,0,0,3,2,2,3,2,3,0
site_373,1882.59746196783,5080.78396702857,family_2,2,1,0,2,3,2,1,3,3,2,3,3,0,2,1,0,0,1,3,1,0,0,0,2,3,1,3,0,3,2
site_374,8335.66626216124,4200.18670309548,family_2,1,1,0,2,1,2,3,0,2,0,1,2,0,2,0,0,0,1,1,3,2,0,0,0,2,2,3,2,1,2
site_375,8425.61087749731,4128.83258036352,,0,0,0,3,0,0,1,1,0,1,1,2,0,2,0,0,0,1,3,0,2,0,0,0,2,1,3,2,3,1
site_376,8350.39416851715,4354.39370789728,,0,0,0,2,1,0,1,0,3,0,0,3,0,2,0,1,0,2,3,0,2,0,0,3,2,1,0,2,3,1
site_377,8987.1370583173,1669.70816646744,,0,0,0,1,3,2,1,2,3,1,1,3,0,2,2,0,0,1,0,2,2,1,0,1,0,2,0,2,3,1
site_378,5386.10449743618,7791.5687712823,,0,0,0,3,3,0,1,1,3,3,1,0,0,2,2,0,0,0,0,0,0,1,1,2,2,2,3,2,3,3
site_379,5377.1555917424,7792.55523312586,,0,0,0,1,0,1,0,3,2,2,3,3,0,2,2,0,0,1,0,0,0,0,0,3,0,1,3,2,3,1
site_380,7222.15463817052,6707.95066749862,,0,1,0,1,3,1,1,1,2,3,1,3,0,2,2,1,1,0,2,0,1,0,2,1,0,2,1,2,0,2
site_381,6915.1118948765,7172.46000343649,,0,1,0,1,1,1,1,0,2,1,2,2,0,2,0,0,1,0,2,1,2,0,2,3,1,1,3,3,0,3
site_382,9929.17836869119,1986.6806032501,family_1,1,0,0,1,3,1,1,3,1,3,1,2,0,2,0,1,0,1,2,3,1,0,1,3,0,2,0,2,0,3
site_383,9939.77479353849,2010.25166544748,,1,0,0,1,1,0,3,0,2,3,3,3,0,1,0,1,0,1,3,0,2,1,0,1,2,2,3,2,3,3
site_384,9954.12756403546,1943.38392143507,,0,0,0,3,3,0,1,3,2,1,1,0,0,2,0,0,1,1,3,0,0,0,2,3,0,0,3,2,3,1
site_385,10291.8616896247,3396.29198082011,,0,0,0,1,3,0,3,3,0,3,3,2,0,2,2,0,0,1,0,0,1,0,0,3,2,0,1,2,3,3
site_386,9954.65127975881,2975.57724010273,,0,0,0,3,1,0,1,3,3,3,2,2,0,2,0,0,0,3,0,0,0,0,0,3,1,1,3,0,3,1
site_387,9742.6659316495,2844.03142043523,,0,0,0,1,3,0,1,3,2,0,3,0,0,2,0,1,0,1,2,0,2,0,0,3,0,1,3,2,3,3
site_388,9537.64323937549,2773.2936553702,,0,0,0,3,1,2,3,0,0,2,1,3,0,2,2,1,0,1,0,2,2,1,2,1,2,2,3,2,3,1
site_389,2841.50105902853,8200.30905448103,,0,1,0,2,1,0,1,0,0,3,1,0,0,2,0,1,0,1,0,0,2,0,2,3,0,1,3,2,3,1
site_390,9248.59674914655,3238.8256083935,,0,0,0,3,3,0,1,1,3,0,1,0,0,1,3,0,0,1,0,0,2,0,0,2,2,1,3,0,3,3
site_391,6701.05857541373,7942.5621541765,,0,0,0,1,1,0,1,2,0,3,1,0,0,2,0,0,0,1,0,2,1,0,0,1,0,0,3,2,3,3
site_392,9462.56451106884,1532.44389274226,,0,0,0,3,3,0,1,3,2,3,1,3,0,2,0,1,0,1,0,0,2,0,0,2,0,1,3,2,3,1
site_393,10039.4527427963,2738.14146590503,,0,0,0,3,1,0,1,0,2,0,1,2,2,2,2,1,0,1,0,0,2,1,0,3,2,2,3,2,3,1
site_394,7937.68814283382,1784.23636719059,,1,1,0,2,1,0,1,0,3,3,3,0,0,2,2,0,0,1,0,0,2,0,2,3,0,1,3,2,3,3
site_395,3170.9444215898,5451.76908742871,,0,0,0,3,1,0,1,1,2,2,1,0,0,2,2,0,0,1,0,0,2,0,2,3,0,1,3,2,3,1
site_396,7827.23662166798,9220.0036546901,,0,0,0,3,1,0,1,1,2,3,1,0,2,2,0,1,0,3,0,0,2,0,2,3,0,1,3,2,3,1
site_397,6953.81697384088,7062.41550317158,,0,1,0,3,1,1,1,1,2,2,0,2,0,2,0,0,1,0,2,1,0,0,2,3,1,1,3,3,1,1
site_398,6991.06498674388,6883.62703973154,,0,0,0,3,0,1,1,0,2,0,1,2,0,2,0,1,1,3,2,0,2,0,2,3,1,1,3,3,1,2
site_399,5819.95126214326,7467.5565748571,,0,0,0,3,1,2,1,3,0,2,1,0,0,2,0,1,0,1,0,2,2,0,2,3,0,1,3,2,3,3
site_400,6076.16619644615,7512.76775720065,,0,1,0,1,1,1,1,2,2,0,3,2,0,1,0,1,1,0,0,1,2,0,2,1,1,1,3,1,0,2
site_401,8874.48896291531,4974.67502502684,,0,0,0,3,1,0,1,1,2,3,1,0,0,2,0,1,1,1,0,0,2,1,1,3,0,1,3,2,3,3
site_402,8976.977383432,5135.78737946586,,0,0,1,1,1,0,1,1,3,0,1,2,0,2,0,0,0,3,0,0,2,1,2,3,0,1,3,2,0,3
site_403,6134.9177451286,4551.86990466411,,0,0,1,1,1,0,2,0,2,1,1,0,0,2,1,1,0,1,3,2,2,1,2,3,2,1,3,0,3,1
site_404,7678.92844091405,3634.23500247646,,0,1,1,3,1,0,2,0,2,1,3,2,0,2,2,1,0,3,0,0,0,0,2,1,2,1,3,2,3,1
site_405,6344.09445947589,7653.73302203914,,0,1,0,1,1,1,1,3,2,1,2,2,0,2,1,0,1,0,2,1,2,0,2,1,1,1,3,3,0,2
site_406,9427.01008294727,1555.65564943824,,0,0,1,3,3,0,1,0,2,2,1,0,0,2,0,1,0,3,0,0,2,0,0,1,2,1,3,2,3,3
site_407,9187.91912865091,3680.00187621295,family_2,2,1,0,3,1,1,2,2,3,2,0,3,0,1,3,0,0,1,3,1,2,0,0,1,2,1,2,2,3,2
site_408,9269.23743856902,3208.66776725982,,0,0,0,3,3,0,1,2,2,3,1,3,0,2,0,0,0,1,1,2,2,1,0,3,0,1,3,0,0,1
site_409,8677.6180889539,2543.5151938689,,0,0,0,2,0,0,1,0,3,3,1,3,0,2,3,1,0,1,0,0,2,1,0,2,0,1,1,2,3,1
site_410,9159.25780138922,2404.10973775881,,0,0,0,1,1,1,1,1,0,1,3,3,0,2,2,1,0,3,0,0,2,1,0,2,2,1,3,2,3,1
site_411,5362.8703751885,8776.71113268982,,0,0,0,3,0,1,1,0,3,2,1,3,0,0,2,0,0,1,1,0,2,0,1,3,2,1,3,2,3,1
site_412,3484.36649600073,11053.9461512571,,2,1,0,1,0,0,1,3,0,3,3,0,0,2,0,1,0,1,0,0,2,0,0,3,0,1,3,2,0,1
site_413,10104.36535802,2200.93485182318,,0,0,0,1,0,0,1,1,2,3,1,0,0,2,0,0,1,1,0,0,2,0,2,3,2,1,3,2,3,1
site_414,4943.66675579855,12062.5828471033,,1,0,0,2,0,0,1,3,2,2,1,0,0,2,0,1,0,1,3,2,1,0,2,1,0,2,3,2,3,3
site_415,8276.87258576186,2362.97090124214,,0,0,0,3,0,1,1,1,2,3,1,0,0,2,0,1,0,1,2,0,2,0,0,0,2,1,3,2,3,1
site_416,2906.00708792408,8193.27427071404,,0,0,0,3,1,0,1,0,2,3,1,2,0,2,0,0,0,1,3,2,0,0,2,3,0,0,3,2,3,3
site_417,9375.81462280342,1539.2221914717,family_2,0,1,0,3,1,1,1,0,1,2,1,2,0,1,0,0,0,0,3,0,2,0,0,2,2,1,3,2,1,0
site_418,9160.83347115453,1668.19673171173,,0,0,0,3,3,2,1,3,2,2,1,3,0,2,0,0,0,1,0,2,2,0,0,1,0,1,1,2,3,3
site_419,9286.09196303417,1611.42069519904,,0,1,0,2,1,1,1,0,3,2,1,0,0,2,2,0,0,1,0,0,2,0,0,3,2,1,1,3,3,3
site_420,7996.79466884599,2185.34501533375,,0,0,0,3,1,0,1,1,2,1,1,0,0,2,0,1,0,1,0,0,2,0,0,3,2,1,3,2,3,3
site_421,10050.7363544437,1525.63459294257,,0,0,0,3,1,1,1,3,3,3,1,3,0,2,2,0,0,1,0,0,2,0,0,2,0,1,1,2,0,3
site_422,9321.348616331,3259.30229285895,,0,0,0,1,1,0,1,1,2,0,1,3,2,2,0,1,1,1,0,0,2,1,0,1,2,2,3,2,3,3
site_423,6890.35656725241,8493.24179898831,,0,0,0,3,3,0,1,0,2,1,1,0,0,2,0,0,1,1,0,2,2,0,0,0,0,2,3,2,3,1
site_424,8751.14503397617,4525.3635040685,,0,0,0,1,3,0,0,1,0,0,1,3,0,2,2,1,1,1,0,0,2,0,0,3,0,2,3,2,3,1
site_425,7178.24747237534,8407.79920514436,,0,0,0,1,3,1,1,3,2,0,1,3,2,2,0,1,1,1,3,0,2,0,0,2,0,1,3,2,3,3
site_426,8790.96158037893,4554.10837880152,family_1,1,0,1,3,2,2,1,1,3,3,3,2,0,2,0,1,0,1,3,3,1,0,1,2,0,0,0,2,1,0
site_427,7933.91086286146,7622.83450137475,,0,1,0,3,1,0,1,3,0,3,1,0,0,2,3,0,0,1,0,0,1,0,2,3,0,2,3,2,3,3
site_428,7124.57838761696,6775.66036827726,family_1,0,0,1,1,1,1,1,0,2,3,3,2,0,2,2,1,1,1,2,1,2,0,2,3,1,1,3,3,1,0
site_429,8888.01405807053,5164.8130768656,,0,0,0,3,1,0,1,0,3,1,1,3,0,2,0,1,0,1,1,0,2,0,0,0,0,1,1,2,2,3
site_430,10635.9758296747,795.133005084889,,0,0,0,3,1,0,1,0,1,3,1,2,0,0,0,0,0,1,0,0,2,0,0,0,3,2,3,2,3,1
site_431,9366.90126136257,1884.16859992842,,0,0,0,1,1,0,1,0,2,3,1,3,2,2,0,1,1,1,0,0,2,1,2,3,2,1,0,2,0,1
site_432,10312.4489281581,3253.0181530312,,0,0,0,1,1,1,1,0,0,1,1,3,0,2,0,0,0,1,2,0,2,0,0,3,0,2,3,2,3,1
site_433,7325.24541023416,6368.9800429066,,0,1,0,1,1,1,1,3,2,3,1,2,0,2,0,0,1,0,2,2,2,0,2,1,0,2,3,3,1,2
site_434,5536.95155980273,10594.5983802359,,0,0,0,3,3,1,1,2,2,2,1,3,0,2,2,1,1,1,1,0,0,0,0,3,2,0,3,2,3,1
site_435,9295.18102188033,5030.58956803164,,0,0,0,3,1,0,1,3,2,2,1,3,0,2,3,0,0,1,0,0,0,0,0,3,3,1,3,2,3,3
site_436,3384.37347856182,8042.02841430967,,0,0,0,3,1,0,1,2,2,2,1,2,0,2,2,0,0,1,0,0,2,0,2,1,2,1,3,2,3,1
site_437,4222.1888303,9353.63493352999,,0,0,0,3,1,0,1,0,0,3,1,0,0,2,0,0,0,1,0,0,2,0,0,2,0,0,3,2,3,3
site_438,2270.11938295864,9630.10787249921,,0,0,0,1,1,0,1,0,2,0,1,0,2,2,3,0,0,1,0,0,2,1,0,1,0,1,3,2,3,2
site_439,7107.62147024428,8183.8555322361,,0,0,0,1,1,0,1,1,2,3,1,3,0,2,0,0,0,1,3,0,2,0,0,2,2,1,3,2,3,1
site_440,5773.66967184049,8120.42004955016,,0,0,0,1,3,0,1,0,2,0,1,0,0,2,0,1,0,3,0,0,0,0,0,1,2,2,3,2,3,1
site_441,4733.62211781384,8347.76528327517,,0,0,0,3,1,0,1,3,3,0,1,0,0,0,0,0,0,1,0,0,2,0,0,3,0,0,3,2,3,1
site_442,2539.4768140953,9421.15477985175,,1,1,0,1,1,0,1,0,2,2,3,3,0,2,3,0,0,1,0,0,2,1,0,3,2,1,3,2,3,1
site_443,6552.80680665858,8218.96850487724,family_1,0,1,1,3,3,2,1,0,0,2,3,2,0,2,2,1,0,1,2,1,2,0,1,1,0,2,3,2,0,0
site_444,4083.60654126342,9327.3605686237,family_2,2,1,0,1,1,2,3,1,2,2,1,0,0,2,0,0,0,1,3,1,0,0,0,1,1,1,3,2,3,3
site_445,9567.56543376591,7089.75825950108,,1,0,0,3,1,0,1,2,3,2,3,0,0,2,3,0,0,1,0,0,2,0,0,3,1,0,3,2,3,3
site_446,4009.59745225064,8891.24092513181,,1,0,0,1,0,0,1,1,2,2,1,2,0,2,2,0,0,1,0,0,2,0,0,3,0,1,3,2,3,1
site_447,3541.22606644971,10942.5105186675,,0,0,0,1,1,0,1,1,0,2,1,3,0,2,2,1,0,1,0,0,2,0,0,0,0,1,3,2,3,1
site_448,2622.02640540538,8793.12127064034,family_1,2,0,0,1,3,2,1,1,0,0,0,0,0,2,2,1,0,1,1,2,2,0,0,2,0,2,2,2,0,0
site_449,8299.34888937451,0.0,,0,0,0,3,1,0,1,0,1,2,1,0,0,0,2,0,0,1,0,0,2,0,0,3,0,2,3,2,3,1
site_450,2671.93473440088,8885.78414730948,,0,0,0,2,1,0,1,0,0,0,1,0,2,2,2,1,0,1,1,0,0,0,0,3,2,1,3,2,3,1
site_451,2660.75685109154,8985.6967730699,,0,1,1,3,1,0,1,1,0,3,1,0,0,2,0,0,0,1,2,0,1,1,0,3,1,0,3,2,3,1
site_452,7103.44964157134,7821.26784534338,,0,0,0,2,1,0,1,0,3,1,1,0,0,2,3,0,0,1,1,0,1,1,0,3,0,1,3,2,3,1
site_453,2715.3405002227,8721.40873941884,,1,0,0,1,3,0,1,0,2,3,0,3,0,2,0,0,0,1,3,0,2,1,0,2,0,0,3,2,3,0
site_454,10302.2698676624,2423.19817535586,,0,0,1,3,1,0,2,0,2,0,3,3,2,2,0,1,0,3,0,0,2,1,0,3,2,1,3,2,3,3
site_455,9517.49710274136,678.575185040224,,2,0,0,3,1,0,1,3,3,2,1,3,0,2,2,0,0,1,3,0,2,0,0,3,0,2,3,2,3,3
site_456,10253.9857036907,4594.28076909631,,0,0,0,1,1,0,1,3,1,1,1,3,0,2,0,1,1,1,0,0,2,0,2,0,2,1,3,2,3,3
site_457,2647.32767033715,8767.99795090223,,0,0,0,1,1,0,1,0,3,3,1,0,0,2,2,0,0,1,0,0,0,1,2,3,0,2,0,2,3,3
site_458,3899.39837549337,8097.97169280849,,0,0,0,1,1,0,3,1,3,1,1,3,0,2,0,1,0,1,3,0,2,0,0,2,0,2,3,2,0,1
site_459,2661.20148670847,8438.56019553167,,0,0,0,1,1,0,1,0,1,1,1,0,0,2,0,1,0,2,0,0,2,0,2,1,0,0,3,2,3,1
site_460,8183.18338892765,2504.6437245226,,0,0,0,3,1,0,1,0,2,1,1,0,0,2,2,0,0,1,0,2,2,1,2,3,2,2,3,2,3,1
site_461,3579.41410735412,12279.455397373,,0,0,0,2,3,0,1,3,3,3,1,3,0,2,2,0,0,1,1,0,2,0,0,1,2,1,3,2,2,1
site_462,4185.76755827296,9270.49268028266,,1,0,0,1,1,0,1,0,3,1,1,0,0,2,2,1,0,1,3,0,2,0,0,3,1,2,3,2,2,1
site_463,4987.96580387078,10464.8653240719,,0,0,0,3,3,0,1,0,2,3,0,3,0,2,0,0,0,1,3,0,2,1,0,1,3,1,3,2,3,3
site_464,4952.41774820977,8454.93075949921,,1,1,0,3,1,0,1,0,3,2,1,0,0,2,0,0,0,1,2,0,2,0,2,3,2,0,3,2,3,1
site_465,6978.58014855838,6966.23612898936,,0,0,0,1,3,1,1,2,0,0,1,2,0,2,0,0,1,1,2,1,2,0,2,3,1,1,1,3,0,2
site_466,1617.18273929554,6265.00891119955,family_2,1,0,0,1,3,2,1,0,2,1,1,0,0,2,2,1,0,1,1,0,0,0,0,1,0,2,3,0,3,2
site_467,2723.99887499055,5434.33069906229,family_1,0,0,1,3,3,2,1,0,0,3,1,0,0,2,2,0,0,1,2,2,1,0,1,2,0,0,3,2,2,0
site_468,6571.43341963233,8294.47660715498,,0,0,0,3,1,0,1,1,1,1,3,3,0,2,2,0,0,1,3,2,0,1,2,3,0,1,0,2,2,1
site_469,4803.62496959514,7389.47935384105,,0,0,0,3,3,1,1,2,0,3,1,0,0,2,3,0,0,1,3,0,2,1,0,3,0,1,3,2,2,1
site_470,7864.37660875952,5165.35039963698,,0,0,1,3,1,0,1,0,2,2,1,2,0,2,0,0,0,3,0,0,2,0,0,2,1,1,1,2,3,3
site_471,8785.72246546931,4564.84741539902,,1,0,0,3,3,0,1,0,3,3,1,0,0,2,0,0,0,1,3,2,2,0,2,2,2,2,1,2,0,1
site_472,6856.69642592446,4872.68262294485,,0,0,0,2,1,0,1,3,2,3,1,2,0,2,0,1,0,3,3,0,2,0,2,0,2,2,3,2,3,3
site_473,6859.56069070033,5805.05460208026,,0,0,0,3,3,0,1,2,3,3,2,0,0,2,0,1,0,1,0,0,1,0,2,3,2,1,0,0,3,1
site_474,8710.60768795269,2557.96822973116,,0,1,0,1,1,0,1,3,3,2,3,3,0,2,2,0,0,1,3,0,2,0,2,2,0,1,3,2,3,1
site_475,7889.1845501187,7926.75123128967,,1,0,0,3,3,0,1,2,3,3,1,2,2,2,3,0,0,1,0,0,1,1,0,3,0,1,0,2,3,3
site_476,7912.83629080384,9031.97251006386,family_1,2,1,1,1,1,2,1,0,3,1,1,3,2,2,2,1,0,3,1,1,2,0,1,3,0,0,2,2,0,0
site_477,6946.55728024199,8416.00426562598,,0,0,0,1,0,0,1,1,2,2,1,3,0,2,2,0,0,1,0,2,0,0,1,3,0,2,3,2,2,1
site_478,7195.75629701155,8589.21648812423,,0,0,1,3,1,0,1,0,3,3,3,2,0,2,0,0,0,1,0,0,2,0,0,3,3,2,3,2,3,1
site_479,7435.57014380852,8060.73662992962,,0,0,0,1,1,0,1,0,2,1,1,0,0,2,3,1,0,1,0,0,2,0,0,3,2,1,3,2,3,3
site_480,6892.21350067058,7180.04374882028,,0,0,0,1,1,1,1,0,2,2,1,2,0,1,2,0,1,3,2,1,2,0,0,2,1,1,3,3,0,2
site_481,6517.30777988468,7523.54335140491,,0,1,0,1,1,1,1,2,2,3,1,2,0,2,0,0,1,0,2,1,2,0,2,3,0,1,3,3,0,1
site_482,4988.01095612362,8453.04193899077,family_1,0,0,1,3,3,0,1,3,2,3,3,3,0,2,2,1,0,1,1,0,1,0,0,2,0,0,2,3,1,3
site_483,6712.42392504268,8118.0820847373,,0,0,0,1,3,0,1,1,3,1,1,0,0,2,2,1,0,2,0,0,3,1,2,2,0,1,3,0,3,1
site_484,8775.36842991278,4558.39057229065,,0,0,0,1,3,2,1,3,3,2,3,3,0,2,2,1,1,1,0,0,2,0,2,3,2,0,0,0,0,3
site_485,7343.71852763353,6301.45653547215,,0,1,0,1,1,2,2,0,2,0,3,0,0,1,1,0,1,0,2,1,2,0,1,2,2,1,1,2,0,3
site_486,5488.30112888625,4987.29849550293,,0,0,0,3,3,0,1,3,2,1,1,0,0,2,2,1,0,1,3,0,0,0,2,2,2,1,3,2,3,1
site_487,5229.56946690594,9517.04291572394,,0,0,0,3,1,0,1,2,2,3,1,2,0,2,3,0,0,1,0,0,2,0,2,3,2,1,1,2,3,1
site_488,4467.23572913339,8359.51681872099,,0,0,0,1,1,0,0,1,0,1,1,0,0,2,2,0,0,1,3,2,2,0,2,3,2,1,3,0,3,1
site_489,6305.47292438858,7633.99520418854,,0,0,0,1,1,1,3,0,2,3,1,2,0,2,0,0,1,1,2,1,2,0,0,1,1,2,1,3,1,2
site_490,6337.60575131411,7626.4299474541,,0,0,0,3,3,1,1,0,3,3,1,2,0,1,0,0,1,0,2,0,2,0,2,1,1,2,1,2,0,2
site_491,7388.00898500244,6400.61816630631,,0,1,0,1,1,1,1,0,2,0,1,2,0,2,2,1,1,0,2,1,2,0,2,3,1,1,1,2,1,2
site_492,2726.75371224977,8906.80073790604,,0,1,0,3,1,1,1,3,2,3,1,0,0,1,0,0,0,1,0,0,2,1,2,1,2,2,3,2,3,1
site_493,8090.53650275724,8553.13024640861,,0,0,0,1,1,1,1,1,3,3,3,0,0,2,2,0,0,1,3,0,2,0,1,2,0,1,3,2,3,3
site_494,9559.22337399691,1669.13625968105,,0,0,0,1,1,0,2,0,1,3,1,0,2,2,0,1,0,1,3,0,2,0,0,3,2,1,3,2,3,3
site_495,4148.32094917471,9723.72120183936,family_2,0,1,0,1,1,1,3,0,3,2,1,1,0,2,0,0,0,2,3,0,1,0,0,2,1,1,3,3,2,2
site_496,8740.00245261113,4540.08664714949,,0,0,0,3,1,1,1,3,2,3,1,0,0,2,0,1,0,1,0,0,2,1,0,3,2,1,3,2,3,1
site_497,1519.88878010523,2958.59455755465,,0,0,0,3,1,0,1,0,0,1,3,0,0,2,0,0,0,1,0,0,2,0,2,3,0,1,3,2,3,3
site_498,1340.82230043538,2550.74312210245,,1,0,0,3,3,0,1,0,3,2,1,3,0,2,2,1,0,1,0,0,2,0,0,3,3,2,3,2,3,1
site_499,7638.7649791344,2309.94085977761,,0,0,0,1,1,0,1,0,3,1,1,3,0,2,0,0,0,1,0,0,2,1,1,3,0,1,1,2,2,1
site_500,8725.65747750841,4752.22318455468,,0,0,0,1,3,0,1,3,3,1,1,0,0,2,2,0,0,1,3,0,2,0,2,3,2,1,3,2,3,3
site_501,8653.53604678211,4561.11572680538,,2,0,0,1,0,0,0,3,1,2,1,3,0,2,0,1,0,1,2,0,2,0,0,3,2,2,3,2,3,1
site_502,4217.96525190526,9191.36150990226,,0,0,0,3,1,0,1,2,3,3,1,3,3,1,0,0,0,2,0,0,2,1,2,3,0,1,3,2,3,1
site_503,8752.77376888608,4534.08133281702,,0,0,0,3,3,1,1,0,3,3,1,3,0,2,0,0,0,1,0,0,2,1,2,3,0,2,1,2,2,1
site_504,6892.66285898031,8468.06418382203,,0,0,0,1,1,0,1,0,3,0,1,3,0,2,1,1,0,1,3,0,2,0,2,1,2,2,3,2,3,1
site_505,2553.91439448583,6505.02912811589,,1,0,0,3,1,0,1,1,2,0,1,3,0,2,0,1,0,1,0,0,2,0,0,3,0,1,3,2,0,1
site_506,6581.64404313372,8112.93054231731,,0,0,0,3,1,0,1,1,2,1,3,2,0,2,0,0,0,1,3,0,2,0,0,3,2,2,3,2,3,3
site_507,7006.81700875429,8490.78891074667,,0,0,0,3,3,0,1,1,2,0,1,0,0,2,0,0,1,1,2,0,2,0,0,3,0,1,3,2,3,1
site_508,2692.33282308224,8930.53919523557,,1,0,0,3,1,0,1,1,3,3,3,0,0,2,0,1,0,3,0,0,2,0,2,3,0,1,3,2,2,1
site_509,3217.91527300028,10700.304236309,,0,0,0,1,1,0,1,0,3,2,1,0,0,2,0,0,0,3,0,0,2,0,0,0,0,1,1,2,3,1
site_510,3095.54416927261,10661.2862941419,,0,0,0,1,1,0,1,2,2,2,3,0,0,2,2,0,0,1,1,0,2,0,2,3,0,1,3,2,3,1
site_511,2904.79433013931,10327.222559228,,0,0,0,3,1,0,1,0,2,2,1,0,0,2,2,0,0,2,3,0,2,0,2,2,0,1,3,2,3,1
site_512,7081.27879434851,6792.09615021181,,0,1,0,1,1,1,1,2,2,0,1,2,0,1,2,1,1,0,2,2,2,1,2,1,1,1,3,3,0,2
site_513,3978.29406523667,8208.74957506457,,0,0,0,1,1,0,1,1,2,3,3,0,2,2,0,0,0,1,0,0,2,0,0,2,0,2,1,2,3,3
site_514,7060.80949472286,6848.90194279266,,0,1,0,2,1,1,1,0,2,0,1,2,2,2,0,0,1,1,2,0,2,0,2,1,3,2,3,2,0,2
site_515,4362.84421328492,9295.91523677705,,0,0,1,1,3,0,1,0,2,3,3,3,0,2,0,1,0,1,0,0,2,0,0,3,2,1,1,2,3,3
site_516,4538.75834377372,8388.47498526363,,0,0,0,3,1,1,1,2,2,3,1,3,0,2,3,0,0,1,0,0,2,0,2,0,2,1,3,2,3,3
site_517,4637.88103907199,8513.83307827352,,0,0,0,2,3,0,1,1,1,3,3,0,0,2,0,0,0,1,0,0,2,0,0,3,1,1,3,2,3,3
site_518,10177.0927409652,2033.69481629442,,0,0,0,2,3,0,1,3,2,3,1,0,2,2,2,0,0,1,0,0,2,0,0,3,0,2,1,0,3,1
site_519,5234.91292372011,7976.46624721555,,0,0,0,3,1,1,1,0,3,3,3,2,0,2,2,0,0,3,3,2,1,0,2,3,1,1,3,2,3,1
site_520,8709.90285455158,2490.39299401711,,0,1,0,1,1,2,2,1,3,1,1,3,0,2,0,0,0,1,3,2,2,0,0,3,2,2,0,2,3,3
site_521,8539.65332583188,2388.40274349228,,0,0,0,3,1,0,1,3,3,1,3,0,0,2,0,0,1,1,0,0,2,0,0,3,2,1,3,2,3,1
site_522,4520.56421167083,12005.6907541222,,0,0,0,3,1,0,1,1,3,3,0,3,0,2,2,0,0,1,1,2,0,1,2,3,2,1,3,2,3,1
site_523,9881.65396807909,2159.14991466254,,0,0,0,1,1,0,1,3,3,1,1,0,2,2,0,0,0,1,3,0,2,0,0,3,0,1,3,2,2,3
site_524,7686.83553849305,8484.91151500399,,0,0,1,3,1,1,1,0,3,1,1,0,2,2,3,0,0,1,0,0,0,0,2,3,2,2,3,2,3,1
site_525,10379.7473484045,1537.42496758862,,0,0,0,3,3,1,1,2,2,0,0,3,0,2,3,0,0,1,0,0,2,1,2,3,2,1,3,2,3,3
site_526,3033.82645306062,10607.466068513,,0,0,0,1,1,0,1,0,3,3,1,0,0,2,0,1,0,1,0,0,2,0,2,3,0,1,3,2,3,1
site_527,9260.33055778061,5393.54441060359,,0,0,0,1,1,1,1,3,3,3,3,0,0,2,0,1,0,1,0,0,2,0,0,3,0,0,3,0,3,1
site_528,5808.96469843271,8230.92757020553,,0,0,0,3,1,0,1,3,3,2,1,0,2,1,0,0,1,3,0,0,2,0,0,1,0,1,3,2,0,1
site_529,9696.02435609168,1654.36982688059,,0,0,0,1,1,0,1,1,2,3,3,0,2,2,0,0,0,1,3,0,0,1,0,1,0,1,3,2,3,1
site_530,9097.91362302164,4353.02172695592,,0,0,0,1,3,0,1,2,2,3,1,3,0,2,2,0,0,3,3,0,2,1,0,2,2,0,3,2,3,3
site_531,7617.11705858783,3471.90423841667,,0,0,0,3,1,0,1,3,2,0,1,0,0,2,1,0,1,1,3,0,2,0,0,3,2,1,3,2,3,3
site_532,1972.96485522855,9899.8926405753,,0,0,1,1,1,0,1,0,0,1,1,0,0,2,0,0,0,1,0,0,2,1,0,2,0,1,3,2,3,1
site_533,1944.04362261568,9881.62249281181,,0,0,0,1,0,0,2,3,0,0,1,0,0,2,2,1,0,1,3,2,2,0,2,3,0,1,3,2,3,3
site_534,8018.50378571922,3541.59492509042,,1,0,0,3,3,0,1,0,2,3,3,0,0,2,0,0,1,1,3,0,0,0,0,3,2,1,0,2,3,3
site_535,1977.45773188544,10014.819597455,,0,0,0,2,1,0,1,0,2,3,1,0,0,2,0,0,0,1,3,0,2,0,0,3,0,0,1,2,3,1
site_536,3616.74945361916,10879.3477318451,,0,0,0,1,1,0,1,1,1,1,3,3,0,2,2,0,0,1,0,0,2,1,0,0,0,1,3,2,3,1
site_537,10208.2527944595,4822.26933404616,,0,0,0,1,1,0,1,1,2,1,1,3,0,2,2,0,0,1,0,0,2,0,0,1,0,1,3,2,3,1
site_538,5005.59798183633,10860.3676679601,family_1,1,0,1,3,3,2,1,0,3,0,3,3,0,2,3,1,0,2,0,0,1,1,1,2,0,2,0,1,0,3
site_539,3188.57358203892,12243.2832436119,,2,0,0,1,1,0,1,0,2,2,1,0,0,2,2,1,0,1,0,0,2,0,2,1,0,2,3,2,3,1
site_540,10024.5405579349,7044.48278887092,,0,0,0,3,1,1,1,0,2,1,1,3,0,2,0,1,0,1,0,0,2,0,0,1,2,2,3,2,3,1
site_541,5874.19073558664,8416.01430678204,,0,0,0,3,3,0,1,1,2,2,3,3,0,2,1,1,1,1,0,1,2,0,2,3,0,1,3,2,3,3
site_542,5207.5391257916,8264.58839442449,family_2,0,1,0,3,3,1,2,1,3,2,1,3,0,2,2,1,0,1,2,0,0,0,0,2,2,0,0,0,1,2
site_543,3050.94306414873,11463.5572125974,,0,0,1,3,1,0,1,0,1,1,1,0,0,2,1,0,0,1,3,0,0,1,2,3,2,1,3,2,3,1
site_544,9441.21439032846,5600.11441254894,family_2,2,1,0,3,1,2,0,2,2,3,1,3,0,2,0,0,0,1,3,0,2,0,0,2,2,0,3,2,2,0
site_545,9416.11062965707,856.126999759641,,0,1,0,1,3,0,1,0,3,2,1,3,0,2,3,0,0,1,0,0,1,1,0,1,0,1,3,0,0,2
site_546,2973.92998782145,5232.36811752575,,0,0,0,3,1,1,1,3,3,1,1,0,0,2,0,0,0,1,3,0,2,0,0,3,1,2,1,2,3,1
site_547,4784.85649878865,6898.23782401649,,0,0,0,3,3,2,1,3,1,3,1,3,0,2,0,0,0,1,3,0,2,1,0,3,0,0,3,2,3,1
site_548,3958.55246808214,8799.05783674851,,0,0,0,3,1,0,1,0,2,2,1,3,0,2,0,1,0,1,2,0,2,1,2,3,2,2,3,2,3,3
site_549,8048.11854155831,9273.95391152125,,0,1,0,3,1,1,1,1,2,3,1,0,0,2,2,1,0,1,0,0,2,0,0,3,0,1,3,2,3,1
site_550,5686.06104786751,7885.57294994965,,0,0,0,1,3,0,1,2,3,2,1,0,0,2,0,0,0,1,0,0,2,1,2,3,0,2,1,0,3,1
site_551,7382.17285664662,7239.67092028154,,0,0,0,1,3,0,2,1,3,1,1,3,0,2,0,1,0,3,3,0,2,0,2,1,0,0,3,2,3,1
site_552,7845.72888456073,7871.72111266605,,0,0,0,1,1,1,1,3,2,0,1,0,0,2,0,1,0,1,3,2,0,1,0,3,2,0,1,0,3,1
site_553,10025.7967173601,3067.9949880352,,0,1,0,3,1,0,1,3,2,3,3,3,0,2,0,0,0,3,1,0,2,1,1,3,2,1,3,2,3,3
site_554,8179.80720236416,5984.65853029665,,0,0,0,1,3,0,1,2,2,3,1,0,0,2,0,1,0,1,3,0,2,1,0,3,0,0,3,2,3,1
site_555,4209.75469520313,8115.76881759818,,0,0,0,1,3,0,2,0,0,0,1,0,0,2,0,1,0,1,0,0,2,0,0,3,1,1,3,2,3,1
site_556,10855.6551279741,2792.97504503814,,0,0,1,3,1,1,1,2,2,0,1,0,0,2,2,0,0,1,3,0,2,0,0,2,2,2,3,2,3,3
site_557,1936.85907459422,9656.14590050451,,1,0,0,3,3,1,1,0,3,2,1,0,0,2,0,1,0,1,0,2,2,0,2,3,0,2,1,2,2,1
site_558,4092.84069916371,9574.85766023363,,0,0,0,1,3,2,1,3,1,1,1,0,0,2,0,1,0,1,1,0,2,0,2,3,2,1,3,2,3,3
site_559,5055.12529963555,9302.69216007196,,1,0,0,1,1,0,3,1,2,1,1,3,0,2,2,1,0,3,0,0,2,0,1,2,2,0,1,2,3,1
site_560,5102.34313806961,11396.9010616719,,0,0,0,3,1,0,2,2,2,0,1,3,2,2,2,1,0,1,3,2,2,1,0,3,0,1,3,2,3,3
site_561,6562.72004328749,8038.26382355346,,0,0,0,1,1,0,1,3,2,2,0,2,2,2,0,0,0,1,3,0,2,0,0,1,2,1,3,2,3,1
site_562,4973.29753071997,8864.65255590906,,1,0,0,1,1,0,1,2,3,1,3,0,0,2,0,0,0,1,0,0,2,0,0,1,0,0,1,2,0,3
site_563,6595.46125534449,7493.135066157,,0,1,0,2,3,0,1,1,2,3,1,2,0,2,0,0,1,1,2,1,2,0,2,2,1,2,3,3,1,1
site_564,5520.63070639415,7662.65398188773,,0,0,0,3,1,1,1,1,3,1,1,3,0,2,0,1,0,1,0,0,2,0,2,2,0,0,3,2,0,1
site_565,5776.17983214042,8255.75903288519,,0,0,0,1,1,0,1,0,0,1,3,3,0,2,0,0,0,1,3,0,2,1,2,1,1,1,1,2,0,3
site_566,7148.86203646673,3836.76109808462,,0,0,0,3,1,0,2,3,3,2,1,3,0,2,2,1,0,3,0,0,3,1,0,2,0,2,3,2,3,1
site_567,7708.85496396153,8221.69983406529,,0,0,0,3,1,1,1,2,0,3,1,2,0,2,0,1,0,1,0,0,2,0,0,0,1,0,3,2,3,1
site_568,4511.74560643448,8640.52428470705,,0,0,1,3,1,0,1,1,0,1,1,0,0,2,0,1,0,1,0,0,2,1,0,2,3,0,3,2,3,0
site_569,4186.70556961123,6531.98715673584,,0,0,0,3,1,0,1,0,2,3,1,3,0,2,2,0,1,1,0,2,2,0,0,2,2,1,3,2,3,1
site_570,5398.29411000391,11450.6941604445,,0,0,0,3,1,0,1,3,3,3,1,0,0,2,0,1,0,1,3,0,2,1,2,3,0,1,3,2,0,3
site_571,4520.56421167083,8008.3131472781,,0,0,0,3,3,0,0,2,2,0,3,3,0,2,0,0,0,3,0,0,2,1,2,3,1,1,3,2,2,1
site_572,5399.74303318909,7621.31449313554,,2,0,0,1,1,0,1,2,3,1,1,3,0,0,2,0,0,1,2,0,2,0,0,3,0,1,3,2,3,1
site_573,8023.88381958677,3686.00147356107,,0,0,0,1,3,0,1,3,2,0,1,0,0,2,0,1,0,2,2,0,2,1,2,3,2,1,3,2,2,3
site_574,8810.71378516824,5344.42248904211,,0,0,0,1,3,1,1,0,2,3,3,0,0,2,2,1,0,1,3,2,2,1,1,3,2,2,3,2,2,3
site_575,5646.14219812291,7966.73059054893,,1,0,0,3,3,0,1,0,1,1,3,2,0,2,2,1,0,1,0,0,0,0,0,3,0,2,1,2,0,1
site_576,5560.14057663167,7903.11634200805,,2,0,0,3,1,0,1,3,2,0,3,2,0,2,0,1,0,1,0,0,2,0,0,3,0,0,3,2,3,3
site_577,5020.3994941012,7823.46714687934,,0,0,0,3,0,0,1,0,0,3,1,0,0,2,0,0,0,1,0,2,2,0,0,3,2,1,1,2,2,3
site_578,5615.1948222309,7990.47788559995,,0,0,0,1,1,0,2,0,3,2,1,3,0,2,3,1,0,1,0,1,1,0,0,3,0,1,0,2,3,1
site_579,5984.24792188027,10205.4507870721,,0,0,0,3,3,0,1,0,3,3,1,0,0,2,2,1,0,1,0,2,0,1,0,2,0,1,1,2,3,3
site_580,2381.89586005229,4609.8068781071,,0,0,0,3,1,0,1,0,3,1,1,3,0,2,2,1,1,2,3,0,2,1,0,1,0,1,3,2,3,1
site_581,4547.41208556467,8417.30581499991,,0,1,0,3,1,0,2,0,1,0,1,0,0,2,0,1,0,1,0,0,2,1,2,0,3,2,3,2,3,1
site_582,4988.99685982757,3023.47778553976,,0,0,1,3,1,0,1,0,3,3,3,0,0,2,2,0,0,1,1,0,2,0,0,2,0,1,1,2,3,1
site_583,5547.69093126412,11078.8294884068,,0,0,0,3,1,0,1,0,2,1,3,3,0,2,0,0,0,1,0,0,2,0,0,3,2,0,3,2,3,3
site_584,5475.3533714035,7837.74146587546,,0,0,0,3,1,0,1,0,0,3,1,0,0,2,2,1,1,3,3,0,2,0,2,1,2,2,3,2,3,1
site_585,5607.9257999123,7877.33911607642,,0,0,0,1,3,1,1,2,3,1,1,3,0,2,2,0,0,1,3,0,2,1,1,3,3,1,3,2,3,1
site_586,5564.51038795193,7874.09777346034,,0,0,0,3,1,0,1,0,3,1,3,0,0,2,2,0,0,1,3,0,0,0,0,3,0,0,3,2,2,3
site_587,5659.45418002837,8061.17958663129,,0,0,0,3,1,0,2,1,3,3,0,0,0,2,0,0,0,3,0,0,2,0,0,3,2,2,3,2,3,3
site_588,5605.42520422634,8049.09649542959,,0,0,0,1,1,0,1,0,3,0,1,0,0,2,0,1,1,1,3,0,3,1,2,3,0,2,3,2,3,1
site_589,8657.50627777455,4412.31476448231,,0,0,1,3,1,0,1,0,2,0,1,0,0,2,2,1,0,1,3,0,2,0,0,3,2,0,3,2,2,3
site_590,4748.5176552952,8932.73174160902,,0,0,0,1,1,0,1,3,0,0,3,0,0,2,0,0,0,1,1,0,2,0,1,1,2,1,3,2,3,1
site_591,6538.0638230845,7440.50600477141,,1,1,0,1,3,2,1,1,2,0,1,2,0,2,0,1,1,0,2,1,2,1,2,2,2,2,3,3,0,2
site_592,10368.5826032853,2561.62054593817,,0,0,0,1,1,0,1,0,1,2,1,3,0,2,0,0,0,1,1,0,2,1,2,3,0,1,3,2,0,1
site_593,3300.47761951471,10584.011137182,,0,0,0,3,1,1,1,0,1,0,1,3,0,2,0,1,0,1,0,0,2,0,2,0,2,0,3,2,2,1
site_594,8493.51787276864,1425.52036739704,,0,0,0,3,0,0,1,3,3,3,1,3,2,2,2,0,0,1,0,0,2,0,2,2,0,1,3,2,3,3
site_595,5590.31483154433,7936.71687250865,,0,0,0,1,1,1,1,1,3,3,1,0,2,2,2,1,0,3,3,0,2,0,0,1,0,1,1,2,3,1
site_596,5126.62049397826,7900.5233818081,,0,0,0,3,1,0,1,0,2,0,1,2,0,2,0,0,0,1,0,0,2,0,2,3,0,2,3,2,3,1
site_597,5146.63730310274,7833.5405003863,,0,0,0,1,3,0,1,1,2,1,3,3,0,2,0,1,0,1,3,0,2,0,0,3,1,1,3,2,3,1
site_598,4367.0307784404,8473.80795184093,,0,0,0,1,3,0,1,0,2,0,1,0,0,2,0,0,0,1,1,0,2,0,2,3,0,1,3,2,3,1
site_599,5705.22034234684,8015.51884024228,,2,0,0,3,1,0,1,1,3,3,1,0,0,2,0,1,0,1,3,0,2,0,0,1,2,1,3,2,3,1
site_600,1943.68554107664,4810.99813933544,,1,0,0,1,1,1,2,0,2,0,1,0,0,2,0,0,0,3,3,2,0,0,0,3,0,1,3,2,3,0
site_601,2355.47080889126,4912.18091770148,,0,0,0,3,1,0,1,2,2,1,1,0,0,2,0,0,0,1,0,2,0,0,0,2,2,2,1,2,3,1
site_602,6984.8208930752,8549.04862266774,,0,0,0,1,1,0,1,1,2,3,1,3,0,2,0,0,0,1,3,0,2,0,2,1,0,1,3,2,0,3
site_603,7689.13475771976,6561.90709568114,family_1,0,1,1,3,3,0,1,0,3,3,3,2,0,2,0,1,1,1,2,2,1,0,1,2,0,2,0,0,0,3
site_604,4262.67875093575,9314.44462919551,,0,0,0,3,3,1,1,3,3,3,3,3,0,2,0,0,0,1,0,2,2,0,0,0,2,0,3,2,3,3
site_605,4278.48130242072,9121.80240282543,,0,1,0,1,3,2,1,1,2,1,1,0,0,0,0,0,0,1,0,0,2,0,2,3,2,2,3,2,3,3
site_606,5410.40773172783,8341.27345132759,,1,0,0,3,1,0,3,1,2,2,3,3,0,2,0,0,0,1,0,0,2,1,0,3,0,2,3,2,3,3
site_607,7000.19506434209,8400.39303630676,,0,0,0,1,1,1,1,3,2,2,3,2,0,2,2,1,0,1,1,2,2,0,2,3,3,1,3,2,3,1
site_608,5758.96829495992,8142.32762430608,,1,1,0,3,0,0,2,0,2,2,1,0,0,2,2,0,0,1,3,0,2,0,0,3,0,1,3,2,3,3
site_609,6846.96375200001,8403.73094691751,,0,0,0,3,1,0,0,0,3,3,1,3,0,2,2,0,0,1,3,0,0,0,2,3,0,1,3,2,3,1
site_610,4740.82414261328,6899.77982069514,,0,0,0,1,1,1,1,1,2,1,1,2,0,2,0,0,0,1,0,0,2,0,0,3,2,2,3,2,3,3
site_611,8969.47392760864,5842.82302421577,,0,0,0,3,3,0,1,1,3,3,3,0,0,1,2,0,0,3,0,1,2,0,0,3,3,1,0,2,3,1
site_612,7379.36838174006,5967.18185112257,family_2,0,1,0,3,1,1,1,0,2,2,1,3,0,2,1,0,1,2,3,1,2,0,2,0,1,2,0,2,1,0
site_613,5031.14423945221,7992.05946194792,,0,0,0,1,1,0,1,1,3,1,1,0,2,2,2,1,0,1,1,2,1,0,2,3,0,1,3,2,3,3
site_614,8061.09548706972,6933.83545798581,,0,0,0,1,0,1,1,1,2,0,1,0,0,2,0,1,0,1,0,0,2,0,0,3,2,1,3,2,3,3
site_615,2702.1708900925,9077.07169074382,,0,0,0,3,1,1,1,0,2,3,1,3,0,2,0,0,0,1,3,0,2,0,0,2,0,1,3,2,3,1
site_616,10151.1909518886,1921.06857599457,,1,0,0,3,1,0,1,0,3,2,1,0,0,2,3,0,0,1,1,0,2,0,0,3,0,1,3,2,3,3
site_617,2735.74545647293,9010.73062932698,,0,0,0,1,3,0,1,1,3,3,1,0,0,2,3,0,0,1,0,0,2,0,0,2,3,0,3,2,3,3
site_618,7392.09214602721,6875.98673018174,,0,0,0,1,1,0,1,0,0,3,2,0,2,1,0,1,0,1,0,0,2,0,0,0,0,1,1,2,3,3
site_619,9420.1699862347,2038.07128480162,,1,0,1,1,1,0,1,1,3,1,3,0,0,2,2,0,0,1,3,0,2,0,0,2,0,1,3,2,3,0
site_620,9117.54423585152,2425.68775619863,,0,0,0,1,1,0,1,2,2,0,1,0,0,2,0,1,0,1,0,0,2,0,2,3,2,1,0,2,3,0
site_621,5104.04711127391,8301.29551441282,,0,0,0,3,1,0,1,1,0,0,1,3,0,2,0,1,0,1,0,0,2,0,1,1,3,1,1,0,3,1
site_622,7446.70311077879,6314.26678055401,family_1,0,1,1,3,3,1,1,1,2,0,3,2,0,2,2,1,1,1,2,0,2,0,2,2,1,2,1,3,0,3
site_623,7869.49512202227,6163.11409049446,,0,0,1,1,3,0,1,3,3,3,1,0,2,2,2,1,0,1,1,0,2,1,0,2,3,1,3,2,2,3
site_624,10292.9253981968,1833.60964957311,,0,0,0,3,1,0,1,0,2,3,0,3,2,2,0,1,0,1,3,0,2,1,0,3,2,1,3,2,2,1
site_625,10954.7341993171,837.583611835709,,0,0,0,3,1,1,1,2,2,1,3,0,0,2,0,0,0,1,3,0,2,1,1,1,0,0,3,2,3,1
site_626,7892.03462594674,6398.46215446932,,0,0,1,2,3,0,2,3,2,1,3,0,0,2,2,0,0,1,0,0,2,1,0,2,0,0,3,2,3,1
site_627,4629.93180146511,8572.111177313,,0,1,0,1,1,0,1,1,2,3,1,0,0,2,3,0,0,1,0,2,2,1,2,0,0,2,3,2,3,1
site_628,5231.42542442133,9270.09105260061,,0,0,0,3,1,0,1,3,2,1,1,3,0,2,0,0,1,3,3,0,2,0,0,3,0,1,1,2,3,1
site_629,5933.58506247755,7825.61142073864,,1,0,0,1,3,0,3,3,3,3,3,0,2,2,2,1,0,3,0,0,2,1,1,3,2,1,3,2,3,3
site_630,6350.59154046026,7681.07132764307,,0,1,0,1,3,2,1,0,2,1,3,1,0,1,0,0,1,0,2,1,2,0,2,3,0,1,3,2,0,3
site_631,4094.66781244732,9533.87420443884,,2,0,0,3,1,0,1,1,0,3,3,2,0,2,3,1,0,1,0,2,1,0,1,3,2,0,3,2,3,1
site_632,5269.68439276586,7803.59270250699,,0,0,0,3,0,1,2,0,2,1,1,0,0,2,0,0,0,1,0,2,2,1,1,1,0,2,3,2,3,3
site_633,4895.58223569265,11761.2244628604,,0,0,0,1,3,0,1,0,2,1,1,0,2,2,0,0,0,1,3,0,1,0,0,3,2,1,3,2,2,3
site_634,4183.17222820015,9342.50666912645,,0,0,0,1,1,0,0,2,2,3,1,0,0,2,2,0,0,1,2,0,2,0,1,2,0,1,0,0,3,1
site_635,9945.58240249177,1966.8815521373,,0,0,0,1,1,0,1,0,3,2,1,0,0,2,0,1,0,1,0,0,2,1,0,3,3,1,3,2,3,1
site_636,9656.86595949108,2425.57771094454,,0,0,0,2,1,0,1,3,3,3,1,0,0,2,0,0,0,3,0,0,2,1,2,3,0,2,3,2,3,3
site_637,9640.06472992655,929.838339983454,,0,0,0,1,1,0,1,2,3,1,1,0,0,2,0,1,0,1,0,2,2,1,0,3,2,0,0,2,3,1
site_638,4049.50254520654,9635.29276637907,,0,0,0,3,0,0,1,1,3,2,3,3,2,2,2,0,0,3,0,0,0,0,2,1,0,2,3,0,3,3
site_639,7787.8163396018,2834.42579351721,,0,0,0,3,1,0,2,0,2,1,1,0,0,2,2,0,0,3,3,2,1,0,0,3,0,1,3,2,3,1
site_640,7866.9317721122,3387.29554144658,,2,0,0,1,3,0,1,0,3,2,1,3,0,1,2,1,0,1,1,0,2,0,2,1,2,1,3,2,3,3
site_641,8754.43469213185,4670.53643950374,family_1,0,1,0,2,3,0,1,3,3,0,3,2,0,0,0,1,0,3,0,0,2,0,0,2,0,2,0,2,0,2
site_642,8666.43796782119,2760.49552303039,,0,0,0,1,1,0,3,0,3,3,1,2,0,2,0,0,0,1,1,0,2,0,0,3,0,2,3,2,3,3
site_643,5611.16274798172,3598.74925141806,,1,0,0,1,3,0,1,1,3,3,1,0,0,2,0,0,0,1,0,0,1,0,0,2,2,2,3,2,3,3
site_644,7050.39650190316,6842.21600558015,,0,1,0,1,1,1,1,3,2,0,1,2,0,2,0,0,1,0,2,0,2,1,2,3,1,1,1,3,1,1
site_645,4284.66272671704,7391.13085397878,,2,0,0,1,3,0,1,0,2,2,3,2,0,2,2,0,0,1,0,2,2,0,2,3,0,1,3,2,3,3
site_646,7181.90497648491,6371.27358418061,,0,0,0,3,1,1,1,0,2,0,2,2,2,2,0,0,1,1,2,1,2,0,0,1,1,2,3,3,0,2
site_647,6315.60526721755,7602.83333604067,,0,1,0,3,1,1,1,1,2,3,2,2,0,1,2,0,1,1,2,1,2,0,2,1,3,1,1,3,0,1
site_648,7428.81078026106,6382.23811038206,,0,1,0,2,0,1,1,2,2,3,3,1,0,0,2,0,1,0,2,1,2,0,2,3,0,1,0,2,1,0
site_649,3723.45001100276,11347.7201750033,,0,0,0,1,1,0,2,3,0,1,1,0,0,2,0,1,0,1,0,0,2,0,2,2,2,2,3,2,3,3
site_650,3672.83228280917,11058.6873244706,,0,0,0,1,1,0,2,3,3,0,1,3,0,2,0,0,0,1,0,0,1,0,0,1,2,1,0,2,3,3
site_651,5774.62556863517,7795.56096380976,,0,0,0,3,1,1,1,3,0,2,3,0,0,2,0,1,0,2,0,0,2,0,1,3,2,0,3,2,3,1
site_652,4973.36627764476,10656.5664676236,,0,0,0,1,0,0,1,2,2,3,1,0,0,2,0,0,0,1,3,0,2,0,2,1,0,0,3,2,2,3
site_653,4164.08184897304,9311.19912648388,,0,0,0,3,3,0,1,0,3,2,1,2,0,2,2,0,0,1,3,0,2,1,0,3,2,1,3,2,2,1
site_654,7286.83896831978,6069.73503260655,,0,0,0,3,3,1,1,1,2,0,1,2,0,1,0,0,1,1,2,1,2,0,0,1,0,1,3,2,0,1
site_655,7346.52070902753,6215.85150846443,,0,0,0,3,3,1,1,0,2,0,3,2,0,2,2,0,1,0,2,1,2,0,2,1,0,1,3,2,1,1
site_656,9042.23457667827,5078.64466220519,,0,0,0,3,1,0,1,0,3,2,3,3,0,2,0,0,0,3,0,2,2,1,0,2,0,1,3,0,3,3
site_657,9878.41378475886,7230.29441824147,,0,0,0,3,1,0,1,0,2,3,1,0,0,2,0,0,0,1,1,0,2,1,2,2,2,1,3,2,3,1
site_658,6151.31420423372,7630.50241495135,,0,0,0,3,3,1,1,0,2,1,2,0,0,2,0,0,1,1,2,1,2,0,2,3,1,0,1,3,1,2
site_659,2697.28962085729,10486.105695954,,1,0,0,3,1,0,1,0,2,3,1,0,0,2,2,0,0,1,3,0,2,0,0,1,0,2,3,2,2,3
site_660,5275.6344605843,8432.26510566448,,0,0,0,3,1,1,3,0,2,3,1,3,0,2,2,0,0,1,2,0,2,1,2,3,2,1,3,2,3,3
site_661,4549.28178865245,9004.83547108902,,0,0,0,1,3,0,1,3,2,3,1,0,0,2,0,1,0,1,0,0,2,0,2,1,0,0,3,2,3,1
site_662,5768.00326194005,10821.7206962997,,0,0,0,3,1,0,1,0,3,3,1,0,0,2,2,1,0,1,0,0,2,1,2,3,0,1,0,2,3,3
site_663,9401.31689442639,2576.61657299062,,0,0,0,3,0,1,1,1,0,2,0,3,0,2,0,0,0,1,0,2,1,1,2,2,0,1,3,2,3,3
site_664,4699.54743307134,7009.60963245654,,0,0,0,1,1,0,1,1,1,2,1,0,0,2,2,0,0,1,0,0,2,0,0,3,0,2,1,2,3,1
site_665,9848.59170798062,2393.16539852732,family_1,0,0,1,3,3,1,1,2,3,3,3,2,0,2,3,1,1,1,2,0,1,0,1,2,0,0,2,2,0,0
site_666,5736.11032322744,10848.9956488985,,0,0,0,1,3,0,1,3,3,1,1,0,0,2,0,0,0,2,0,0,2,0,0,1,2,2,1,2,3,1
site_667,8071.81894684406,7180.08467973443,family_2,0,1,0,3,3,2,2,0,2,2,1,3,0,2,2,0,0,3,3,0,1,0,0,2,3,1,3,2,1,2
site_668,7689.85127600077,9811.4429668302,family_2,0,1,0,2,1,2,1,0,2,2,1,3,0,2,1,0,0,1,0,0,1,0,2,2,1,1,3,0,1,3
site_669,8699.6895267704,9838.60303550546,,0,0,0,3,1,0,1,3,3,2,1,0,0,2,2,0,0,3,0,0,2,0,0,1,3,1,3,2,3,3
site_670,3061.56263551443,10656.6973764443,,0,0,0,1,1,2,1,0,3,3,3,0,2,2,0,0,0,1,0,0,2,0,0,1,0,1,3,2,3,3
site_671,9671.01205766062,3931.11332076058,,1,0,0,1,3,0,2,3,3,3,1,0,0,2,0,1,0,3,0,2,0,1,2,3,2,2,3,2,3,1
site_672,4304.04301449538,9274.00164741658,,0,0,0,1,1,0,1,0,3,3,1,0,0,2,0,0,0,2,3,0,2,0,2,3,2,1,3,2,3,3
site_673,6788.11379311305,8399.08379626674,,0,0,0,3,1,0,1,3,2,2,1,0,0,2,0,0,0,1,3,0,2,1,0,3,0,1,3,0,3,1
site_674,9908.85257688785,2759.15314886695,,1,0,0,1,1,0,1,0,3,2,3,3,0,2,0,0,0,3,2,0,2,1,0,3,2,1,0,0,3,1
site_675,2301.32666418982,10180.7602268802,,0,0,0,2,1,0,1,3,0,2,1,3,2,2,0,0,0,1,0,0,2,0,0,0,0,2,3,2,3,3
site_676,2856.3528291823,8080.27356256106,,0,0,1,1,1,0,1,1,2,3,3,0,0,2,2,1,0,1,3,0,2,0,0,3,2,1,3,2,3,3
site_677,10887.2072143194,1245.08170223077,,0,0,0,2,1,0,1,1,0,1,1,0,0,2,2,1,0,1,0,0,1,0,0,3,2,2,3,2,3,1
site_678,4304.3110553421,9686.95736014996,,0,0,0,2,1,0,1,0,3,2,1,3,0,2,2,1,0,1,0,0,2,0,1,3,2,1,3,2,3,3
site_679,4206.57622841719,12311.4161297557,,0,0,0,3,1,2,1,3,3,3,3,0,0,2,0,0,0,1,0,0,2,1,2,3,0,1,3,2,3,3
site_680,5677.74724007616,7659.76066802905,,0,0,0,1,1,0,1,2,2,2,1,0,2,2,2,0,0,1,0,0,2,1,2,3,2,1,3,2,3,1
site_681,4265.14487652956,8004.24869701055,,0,0,0,1,1,0,1,0,2,1,1,0,0,2,0,1,0,3,0,0,2,1,0,3,3,1,3,2,3,1
site_682,8572.58747902164,1815.40966682618,,0,0,0,3,1,1,1,1,3,3,1,0,0,2,2,1,0,1,0,0,2,1,0,3,2,2,3,2,3,3
site_683,9340.10744884334,1646.36921124464,,0,0,0,3,1,0,1,1,3,0,3,2,0,2,0,0,0,1,0,2,2,0,0,2,0,1,3,2,3,1
site_684,8702.23210694852,4685.65069300219,,0,0,0,1,1,0,1,0,3,3,3,3,0,2,0,0,0,1,0,0,3,0,2,1,2,1,3,2,3,1
site_685,2828.72304241807,8002.16653653387,,0,0,0,3,1,1,1,0,0,2,1,0,2,2,2,1,1,1,0,2,2,0,1,3,0,2,3,2,3,3
site_686,1956.00619102398,10099.4590067537,,1,0,0,1,3,1,0,0,3,3,1,2,0,2,0,0,0,1,3,0,2,0,0,3,0,1,3,2,3,1
site_687,2809.848319082,9837.56200396857,family_2,2,1,0,1,1,2,2,0,2,2,1,2,0,2,0,0,0,1,3,0,3,0,0,3,0,2,3,0,1,2
site_688,8176.38630338763,5344.26992068668,family_2,2,1,0,1,3,0,1,1,0,2,1,1,0,2,2,0,0,2,1,1,1,0,0,3,2,1,3,0,3,0
site_689,7768.36562491244,9240.86203999729,,0,0,0,3,3,0,1,1,3,1,1,0,0,2,2,1,0,1,3,0,2,0,0,2,0,1,3,2,3,3
site_690,7508.49439153082,8676.74019115614,,0,0,0,3,1,0,1,0,3,1,0,0,0,2,2,1,0,1,0,0,2,1,0,2,0,1,3,2,3,3
site_691,7955.17352419747,9116.61570709847,,0,0,0,3,1,0,1,3,2,0,1,3,0,2,0,0,0,3,3,0,2,0,2,3,0,0,1,2,3,1
site_692,8058.35173798265,8898.30689538704,,1,0,0,1,1,2,1,0,3,3,1,0,0,2,0,1,0,2,3,0,2,0,2,1,2,1,3,2,2,1
site_693,5674.25022177692,8106.27490058404,family_1,0,0,1,1,3,0,1,3,2,0,1,3,0,2,0,1,0,1,3,2,0,0,0,1,0,2,3,2,2,0
site_694,6396.03312601662,7583.44324169331,,0,0,0,3,0,1,1,2,2,3,1,2,0,2,0,0,1,1,2,1,2,0,2,1,1,1,1,1,0,2
site_695,3041.88036280313,10472.0295349732,,0,0,0,3,3,0,1,0,2,2,1,0,0,2,2,0,1,1,3,0,2,1,2,3,2,1,3,2,3,3
site_696,8762.53214254067,4541.08665597865,,0,0,0,3,1,1,0,2,0,0,1,0,0,2,0,1,0,1,3,0,2,0,0,1,2,1,3,2,3,1
site_697,2017.08054739243,10035.6520590629,,0,0,0,1,1,0,1,2,3,1,1,0,0,2,0,0,0,1,0,0,2,0,0,3,2,1,1,2,3,1
site_698,8758.46868341317,4658.21909737967,,0,0,0,1,3,0,1,3,0,3,1,3,0,2,2,0,0,1,0,0,2,0,0,3,3,2,3,2,3,1
site_699,9002.96996890875,5256.13109335417,,0,0,0,3,1,0,1,0,2,2,1,2,0,2,0,1,0,3,3,0,2,0,0,2,2,1,3,2,3,1
site_700,6956.17203632058,6925.1314696774,,1,1,0,1,3,1,1,1,2,0,3,3,0,0,0,1,1,1,2,1,2,0,2,2,1,1,1,3,0,2
site_701,9034.0655303122,4940.78988577265,,2,0,0,1,1,0,1,0,2,1,2,0,0,2,0,1,0,3,0,0,2,1,2,3,0,2,1,2,3,3
site_702,5651.05323364212,8129.12705654429,,0,0,0,3,0,2,1,2,3,1,3,3,0,2,2,0,0,1,0,2,2,0,0,1,0,2,3,2,3,1
site_703,5822.55457916652,8094.2368533809,,0,0,0,1,3,0,1,0,3,3,1,3,0,2,0,0,0,1,1,2,2,1,0,1,2,1,3,2,3,1
site_704,2811.71808803071,8037.07377499756,,2,0,0,3,1,0,1,1,3,1,1,3,2,2,2,0,0,3,0,0,2,0,0,3,3,1,3,0,3,1
site_705,7421.31752777978,6475.19245654222,,0,1,0,1,1,2,1,2,2,3,1,0,0,2,0,0,1,0,2,1,2,0,1,1,1,1,3,3,1,2
site_706,2404.64518362871,10225.7613357414,,0,0,0,3,1,0,0,0,0,3,3,0,0,2,2,1,0,1,0,0,3,0,0,1,0,1,3,2,0,1
site_707,5792.29602526325,7698.31119736473,,0,0,0,1,3,0,1,0,3,1,1,0,0,2,0,0,0,1,3,0,2,1,2,3,0,1,3,2,3,1
site_708,9704.79784124421,4062.8794389346,,0,0,0,1,1,0,1,0,3,2,3,2,0,2,0,0,0,1,1,0,2,1,0,1,0,1,3,2,3,3
site_709,4994.72778967509,9285.17629423513,,0,0,0,3,3,0,1,1,3,3,1,0,0,2,2,0,0,1,2,0,0,0,0,2,2,2,3,2,3,1
site_710,2850.88281276686,8065.12774998307,,0,0,0,1,1,0,1,1,2,2,1,0,0,2,2,1,0,1,3,0,2,1,0,3,2,0,3,2,3,1
site_711,2865.21185975687,8126.52999090857,,2,0,0,1,1,0,1,2,1,3,3,0,0,2,0,0,0,1,0,0,2,1,2,2,2,2,3,2,0,3
site_712,7620.43183393555,3613.04029155624,,0,0,0,1,3,0,1,0,0,3,1,0,2,2,2,0,0,1,3,2,2,1,0,3,0,0,3,2,3,1
site_713,8693.09242220808,4776.46343807975,,0,0,0,1,1,0,1,0,3,2,3,2,0,2,0,0,0,1,3,0,2,0,0,2,2,2,1,2,3,3
site_714,3117.61857751889,10414.7715738552,,0,0,0,3,0,0,1,0,1,2,3,3,0,2,2,0,0,1,3,0,2,0,0,1,2,2,3,2,3,1
site_715,9026.85256685489,4088.72942610806,,1,0,1,1,1,0,3,1,2,1,0,3,0,2,2,0,1,1,0,0,2,0,2,3,0,1,3,2,2,3
site_716,2323.99392931525,5208.30375258982,,0,1,0,2,1,0,1,3,2,2,1,3,0,2,2,1,0,0,0,0,2,1,2,3,0,0,1,0,3,3
site_717,8907.03174981658,3345.13953325507,,0,0,0,1,1,0,1,0,3,2,1,3,0,2,0,0,0,1,2,0,2,1,2,3,0,1,3,2,2,1
site_718,3232.60637383455,3890.41220793474,,0,1,0,1,1,2,1,1,0,0,0,3,0,2,0,1,0,1,0,0,2,0,0,3,2,2,3,2,3,1
site_719,2268.78421341014,4645.55250712118,,0,0,0,1,1,0,1,1,3,3,1,2,0,0,0,1,0,1,3,0,2,0,1,2,2,1,3,2,3,1
site_720,8306.66728811083,7187.73441634291,,0,0,0,1,3,0,1,0,3,0,1,3,0,2,0,0,0,1,3,2,2,0,0,3,0,0,3,2,3,1
site_721,5385.37879826266,10142.0419373108,,0,0,0,3,3,0,1,0,2,1,0,3,0,2,2,0,0,1,0,0,2,0,2,3,1,1,3,2,2,1
site_722,8857.02248731356,3724.72908550716,,0,1,0,3,1,0,1,0,0,2,1,0,2,2,2,0,1,1,0,0,2,0,2,2,0,2,3,2,3,1
site_723,7541.95098549418,5644.21568591079,,0,1,0,2,1,1,2,0,3,1,1,1,0,2,0,1,1,0,3,1,2,0,2,3,1,2,3,3,0,2
site_724,9079.38324321001,5380.79573909562,,2,0,0,1,1,0,1,0,1,3,1,2,0,2,2,0,0,1,3,0,0,0,0,3,0,1,0,0,3,3
site_725,7911.40567256738,7444.50805750964,,0,0,0,3,1,0,0,0,2,2,1,3,0,2,3,0,1,1,0,2,2,1,0,3,0,2,3,2,3,1
site_726,7627.21881030041,9831.41497570561,family_1,2,0,0,1,1,1,1,0,2,0,0,3,0,2,3,1,0,1,2,0,1,0,1,3,0,1,0,2,1,3
site_727,7894.38431507601,2707.60699846752,,0,0,0,1,1,0,1,0,2,3,1,0,0,2,0,1,0,3,0,0,2,0,2,3,2,2,1,2,3,3
site_728,2843.00179131243,11190.4494266329,,0,0,0,3,1,1,1,1,2,0,1,3,0,2,0,0,0,1,2,0,2,1,2,3,3,1,3,2,3,1
site_729,4532.52886831592,11729.9254090446,,0,0,0,3,1,2,1,2,1,1,1,0,0,2,0,0,0,1,0,0,2,0,0,1,1,0,3,2,3,0
site_730,9573.23880033311,1444.38251157503,,0,0,0,1,1,2,1,0,3,1,1,2,0,2,2,0,0,2,0,2,2,0,2,1,0,0,3,2,3,1
site_731,8105.92867284536,2519.31764740747,,0,1,0,2,1,1,1,3,1,1,1,0,0,2,2,0,0,1,0,2,2,1,0,1,2,1,3,2,3,3
site_732,7321.62170740989,6251.98410145833,family_2,0,0,0,3,1,1,0,2,2,2,1,2,0,2,1,1,1,1,2,0,1,0,0,2,0,1,0,3,1,2
site_733,9306.43071070602,2098.68640029653,family_1,0,1,1,1,3,2,1,1,2,0,3,2,0,2,2,1,0,1,1,0,1,0,2,3,0,2,0,2,2,2
site_734,9293.99137235735,2105.54581468956,,0,0,0,1,3,0,1,3,2,2,1,0,0,2,0,0,0,1,0,0,2,0,0,3,2,2,3,2,3,3
site_735,9446.86740637446,1666.43613851238,,0,0,0,1,1,0,3,0,2,0,1,0,0,2,0,1,1,1,2,0,2,0,1,2,2,0,3,2,3,1
site_736,9627.56869510066,994.926872684551,,0,0,0,1,1,0,3,3,1,3,0,3,0,2,0,0,0,3,0,0,2,0,2,1,2,1,3,2,3,3
site_737,2080.8751428255,9355.81400837594,,0,0,0,3,3,0,1,2,3,3,1,3,0,2,0,0,0,1,0,0,2,1,2,0,2,0,1,2,3,1
site_738,3124.44986085635,7243.19123754091,,0,0,0,1,3,0,2,3,2,3,1,0,0,2,0,0,0,1,3,0,2,1,0,3,0,2,1,2,2,1
site_739,5378.24676291361,5116.32512711036,,0,0,0,3,1,0,1,3,0,2,1,0,2,2,0,0,0,1,0,2,0,0,0,1,3,2,3,0,3,1
site_740,8966.93094655078,5180.09312391164,,0,0,0,1,1,0,1,0,1,2,1,0,0,2,0,1,0,1,0,0,2,0,0,3,3,0,3,2,3,3
site_741,8993.01177409229,4307.59029049623,,2,0,0,1,3,0,3,3,0,2,1,3,0,2,0,1,0,1,0,0,2,0,2,1,0,1,3,2,3,3
site_742,7272.12529856122,6037.34784939003,,0,1,0,3,1,0,1,2,2,0,3,0,0,2,0,0,1,1,0,1,2,0,0,1,1,2,3,3,0,2
site_743,7439.61813685272,5898.43961834749,,0,1,0,1,3,1,1,2,2,0,2,2,0,2,2,1,1,0,2,1,2,0,2,2,1,1,1,1,1,3
site_744,4963.00114644468,6591.35363733554,,0,0,0,2,3,0,3,3,3,3,1,3,0,2,2,1,0,1,0,0,2,0,2,3,0,1,3,2,2,1
site_745,4625.64141619048,8235.07892847631,,0,0,0,3,1,0,1,3,3,3,1,3,0,2,0,1,0,2,0,0,2,0,0,3,1,2,3,2,3,3
site_746,5012.49903889505,8106.82743570549,,0,0,0,3,1,0,1,0,3,3,1,3,0,2,3,0,0,1,0,0,2,1,0,0,0,1,3,2,0,3
site_747,2288.64972521794,10133.2190836226,,0,1,0,3,1,0,1,0,2,3,1,0,0,2,0,0,0,3,3,2,2,1,2,2,0,1,3,2,3,1
site_748,2751.47245382891,8279.4585786568,,0,0,0,3,3,0,1,0,2,2,1,3,0,2,0,1,0,1,1,0,2,0,2,2,0,1,3,2,3,1
site_749,1230.23092029675,1951.83184960251,,0,0,0,3,1,0,1,0,3,3,1,2,0,2,0,0,0,2,3,2,2,1,0,3,2,2,3,2,0,2
site_750,3669.71286981935,8307.11735664553,,0,0,0,3,1,2,1,3,2,3,1,3,0,2,2,0,0,1,0,0,0,0,0,0,0,2,1,2,2,3
site_751,5322.86094414969,4131.39408599335,family_1,0,0,1,3,3,1,1,1,3,0,0,1,0,1,2,1,0,1,2,3,1,0,1,2,0,1,0,0,1,0
site_752,2486.10173621539,3063.1885416005,,1,0,0,1,3,0,1,0,3,1,1,3,0,2,1,0,0,1,0,0,1,0,2,1,2,1,3,2,3,3
site_753,5032.25938421939,6667.43325179693,,0,0,0,1,1,0,1,3,3,0,1,0,0,2,0,1,0,1,0,0,2,1,0,2,2,1,0,2,3,1
site_754,4867.77558284947,10887.7289267549,,1,0,0,3,1,0,1,3,0,3,3,0,0,2,0,1,0,1,3,0,2,1,2,2,0,2,3,2,3,3
site_755,9320.97306386173,4508.01205541937,,0,0,0,1,3,0,1,2,1,2,3,0,0,2,2,0,0,1,1,0,2,1,0,0,0,2,3,2,3,3
site_756,8705.2885172098,4619.65796134913,,2,0,0,1,0,0,1,0,3,3,1,3,0,2,2,0,0,1,0,0,2,1,0,3,2,2,3,2,2,1
site_757,8725.53431050462,4672.03250885935,,0,0,0,3,1,0,1,2,2,2,1,0,0,1,0,0,0,1,3,0,2,1,0,3,2,2,3,2,3,3
site_758,10158.6185092802,3335.87415348824,,0,0,0,1,1,0,1,2,2,3,1,0,0,2,0,1,0,1,0,2,2,0,2,2,2,0,3,0,3,3
site_759,8631.83380644336,2070.94176005845,,0,0,0,1,1,0,1,1,3,2,1,0,0,2,0,0,0,1,3,0,2,0,0,3,2,1,3,2,3,1
site_760,9880.32708655852,4430.17725825738,,0,0,0,1,1,0,1,1,3,3,1,2,0,2,0,1,0,1,0,2,2,0,1,3,2,0,3,2,3,1
site_761,9665.08407375547,4722.37231333106,,0,0,1,1,3,0,3,2,0,1,1,0,0,2,0,1,0,1,3,0,2,0,2,2,0,1,3,2,3,3
site_762,6878.0301232175,5736.32358900132,,0,0,0,1,3,0,1,0,2,3,1,2,0,2,2,0,0,1,0,0,2,0,0,1,2,2,3,0,3,1
site_763,4064.10596953403,9409.96446002494,,0,0,0,1,1,0,1,2,2,3,3,2,0,2,3,1,0,1,0,0,2,0,2,3,3,2,3,2,3,1
site_764,6294.4468587696,7697.6609821149,,0,0,0,3,1,1,1,0,2,3,1,2,0,1,0,0,1,0,0,0,2,0,0,1,3,1,3,3,0,2
site_765,6323.34081777677,7710.60865505263,,0,1,0,1,1,1,0,3,2,0,2,2,0,1,0,1,1,0,2,1,2,0,2,1,1,1,1,3,0,2
site_766,6359.12209216763,7643.21645777108,,0,1,0,1,1,1,3,0,2,3,2,2,0,2,0,1,1,1,2,1,2,0,2,2,0,1,3,3,1,2
site_767,6764.42362659477,7782.71710189711,,0,0,0,1,1,0,1,0,2,1,0,3,0,2,0,0,0,1,0,0,2,1,0,3,0,1,3,2,3,1
site_768,4004.22743860304,7343.77845244438,,0,0,0,2,0,0,1,3,1,0,1,0,0,2,0,0,0,1,1,0,2,0,0,3,3,1,3,2,3,1
site_769,6309.04775896319,7670.34038517168,,0,1,0,1,0,0,1,2,2,3,2,2,0,2,0,0,1,0,2,1,2,0,2,3,1,2,3,3,0,2
site_770,6387.60949438344,7718.51600549154,,0,1,0,3,1,2,1,0,0,1,2,0,0,0,0,1,1,1,2,1,2,0,2,3,1,2,1,3,0,1
site_771,6251.87447489054,7761.56281379189,,0,1,0,1,1,1,1,3,2,3,1,2,2,2,0,0,1,2,2,0,2,1,2,1,1,1,3,2,2,2
site_772,6232.06007689214,7765.94523563535,,1,1,0,3,1,2,1,1,2,3,2,2,0,2,0,1,1,0,2,1,2,0,2,3,1,1,3,3,1,2
site_773,7291.98642033574,6093.4584970822,,0,1,0,3,1,2,3,1,2,3,2,2,0,1,0,1,0,0,2,1,2,0,2,1,1,1,3,2,0,2
site_774,7358.38586850686,6218.78508595055,,0,1,0,3,1,1,1,0,2,0,1,2,0,2,2,1,1,1,2,1,2,0,2,2,1,1,3,3,0,2
site_775,7268.70986714071,6133.52010981728,,0,1,0,1,1,1,1,0,2,0,1,2,0,1,2,0,1,1,2,1,2,0,2,1,0,1,3,3,1,2
site_776,7264.20609898545,6094.15513591671,,0,1,0,1,1,2,1,0,2,0,3,2,0,1,2,1,1,0,2,1,2,1,2,1,1,1,3,3,0,2
site_777,7290.54220180058,6096.48205360157,,0,1,0,3,1,1,1,0,2,3,1,2,0,2,2,0,1,0,3,0,2,0,1,0,1,1,1,3,0,2
site_778,7011.08508006149,6232.9394393555,,0,1,0,3,1,2,3,3,2,3,2,3,0,2,0,1,1,0,2,2,2,0,2,1,0,1,3,2,0,3
site_779,7380.54283790283,6233.67096949443,,0,1,0,1,1,2,1,0,2,3,1,2,0,2,1,1,1,0,2,1,2,0,2,1,1,1,3,3,0,2
site_780,7388.37616521563,6293.23493800872,,0,1,0,0,0,1,1,1,2,0,1,2,0,2,0,0,1,1,2,1,2,0,2,2,1,1,1,3,0,3
site_781,7476.48088328589,6252.46197320248,,0,1,0,3,1,1,3,2,2,0,1,2,0,2,0,1,1,0,3,0,2,0,2,1,1,1,3,3,1,2
site_782,7610.17012428541,6284.59628158114,,0,1,0,1,0,1,1,2,2,1,1,0,0,2,2,0,1,0,2,0,2,0,2,1,0,1,3,3,0,2
site_783,10273.3989853904,2325.16082113631,family_2,0,1,0,3,2,2,2,3,3,2,1,3,0,2,0,1,0,1,3,3,1,0,0,3,3,2,0,2,1,2
site_784,10683.9264365216,2604.79366415233,,2,0,0,3,1,0,1,0,1,1,1,2,0,2,2,0,0,1,0,0,2,1,2,0,0,1,3,2,3,1
site_785,7911.92236423089,5388.99061902809,,0,0,0,3,1,0,2,3,2,3,1,3,0,2,2,0,0,1,1,0,1,1,2,3,0,0,3,2,2,1
site_786,10211.9015047427,4593.9323664459,,0,0,0,1,3,0,1,1,0,0,1,3,0,2,0,0,0,1,3,0,2,0,0,2,0,2,0,2,3,1
site_787,7754.27895615433,9272.59386479029,,0,1,0,1,1,0,1,0,2,3,1,3,0,2,0,0,0,1,3,0,2,0,0,1,2,1,3,2,0,1
site_788,8001.07834073413,9310.76280872629,,0,0,0,3,1,0,1,1,3,2,3,0,0,2,1,0,0,1,2,0,0,0,0,3,3,0,3,2,2,3
site_789,9594.57508086732,4503.25117380367,,0,0,0,3,3,0,1,3,3,1,1,0,2,2,2,1,0,1,0,0,2,1,1,3,0,1,1,2,3,1
site_790,7120.74772628393,6361.29870746399,,0,1,0,3,1,1,1,0,2,0,3,2,0,2,0,0,1,0,2,1,2,0,2,3,1,1,3,2,1,1
site_791,9394.95109641369,4410.68044099388,,0,0,0,1,1,1,0,0,0,3,1,3,0,2,0,0,0,3,0,0,2,0,0,3,2,1,3,2,3,3
site_792,9448.47331174138,4420.53161546794,,0,0,0,1,1,0,1,3,2,0,1,2,0,2,2,0,0,1,0,0,2,1,0,3,0,1,3,0,3,3
site_793,9035.2430009477,5133.84602595146,,0,0,0,3,0,1,1,1,3,1,1,3,2,2,3,1,0,1,3,0,2,0,2,3,2,1,3,2,3,1
site_794,9099.38671674368,4805.02239937207,,0,0,0,1,3,0,1,2,3,3,1,0,0,2,0,1,0,1,0,0,2,1,2,2,0,0,3,2,3,1
site_795,8979.05101858044,5086.7297482438,,0,1,0,3,1,0,1,3,2,3,1,3,0,2,2,0,0,1,3,2,2,1,0,3,0,0,0,0,3,1
site_796,9015.26733932351,5288.37889413599,family_1,0,0,1,3,3,0,1,0,2,0,1,0,0,2,0,1,0,3,0,3,2,0,1,0,0,2,2,0,2,0
site_797,9034.52971404807,5133.03186798569,,0,0,0,3,1,1,1,3,3,3,1,0,0,2,0,0,1,1,0,2,2,0,0,1,0,1,0,2,3,1
site_798,8977.31853620902,5320.28361870373,,2,0,0,1,3,0,1,0,3,3,1,1,0,2,0,1,0,1,3,0,2,1,0,3,2,2,3,2,2,3
site_799,8863.03509354542,4984.63786985869,,0,0,0,3,1,2,1,1,0,3,3,3,0,2,2,1,0,1,0,0,2,0,0,3,0,1,3,2,3,1
site_800,8001.59244924234,9123.30983582977,,0,0,0,1,1,0,1,2,2,3,1,0,0,2,2,1,0,1,0,0,0,0,0,3,2,1,0,2,2,3
site_801,7413.78507015666,6355.62750070558,,0,0,0,1,1,1,3,0,2,3,3,2,0,1,0,1,1,1,2,1,2,0,2,1,2,1,3,3,0,1
site_802,5967.61748837407,7842.35148598271,,0,0,0,3,1,1,1,0,0,3,1,0,0,2,2,1,0,1,0,0,2,0,0,3,2,0,3,2,3,1
site_803,8742.59290103301,4528.92947815898,,0,0,0,1,1,0,1,0,2,2,3,3,0,2,0,0,0,3,0,0,2,1,2,1,2,1,3,2,2,1
site_804,8730.78005465349,4658.68067395035,,0,0,0,1,1,0,1,1,3,3,1,3,0,2,0,1,0,1,0,0,2,0,1,3,2,1,3,2,3,1
site_805,8723.82478757031,4605.76343211284,,0,0,0,1,1,0,1,0,3,1,1,0,0,2,3,0,0,1,3,2,2,1,0,1,3,1,3,2,3,1
site_806,8712.42414995506,4655.01120229536,,0,1,0,1,1,0,1,0,0,0,1,2,0,2,2,0,0,0,3,0,3,1,2,2,0,1,3,2,3,1
site_807,8686.8084709599,4627.63736104539,,0,1,0,1,1,0,1,3,3,2,1,0,0,2,2,1,0,1,0,2,2,0,0,0,0,2,3,2,3,3
site_808,6373.59531177004,7617.78726475476,,0,1,0,3,1,0,3,2,2,0,1,2,0,1,2,1,1,0,2,1,2,0,1,2,1,2,1,2,1,1
site_809,2808.24512656741,8202.86244520831,,0,0,0,1,0,0,1,3,2,3,3,3,2,0,2,0,0,1,3,0,2,0,0,3,0,2,3,2,3,3
site_810,8770.98523816855,4571.22061525766,family_1,0,1,1,3,3,2,1,1,2,0,1,3,0,2,2,1,0,1,1,0,2,0,1,2,0,0,0,2,1,3
site_811,8745.23754207,4546.90933107289,,0,0,0,1,1,0,2,2,0,3,1,0,0,2,2,1,0,1,2,2,1,1,0,3,0,1,1,2,3,1
site_812,8686.47861302507,4659.52316842822,,0,0,0,3,3,0,1,3,2,1,1,0,0,2,0,0,0,1,0,2,2,0,0,2,0,1,3,2,3,3
site_813,2855.58131059559,8163.24611009062,,0,0,0,3,1,0,1,1,1,0,1,0,0,2,3,0,0,1,0,0,2,0,0,3,0,1,0,0,3,1
site_814,9151.717215966,4346.15855222307,,1,1,0,3,1,1,1,0,2,3,1,3,0,2,0,1,0,1,0,2,2,0,1,3,0,0,3,2,3,1
site_815,6341.11037050751,7632.51626407294,,0,1,0,3,1,1,1,2,2,0,1,2,0,2,0,0,1,0,0,1,2,1,2,3,2,1,3,2,1,1
site_816,6327.52757787582,7640.34762431439,,0,1,0,1,1,1,3,0,2,3,2,2,0,2,0,0,1,0,2,1,2,0,2,1,1,0,3,1,0,2
site_817,3664.75398919785,11164.2526802077,,0,1,0,1,1,0,1,3,0,3,3,3,2,2,0,1,0,1,2,0,2,0,0,3,2,2,1,2,3,1
site_818,2735.94488542512,12413.5369504495,,0,0,0,3,1,0,1,0,2,0,1,3,0,2,0,0,0,1,3,2,2,1,1,3,0,1,3,2,3,3
site_819,6275.67361114667,7674.28097881683,,0,1,0,0,1,1,1,0,2,2,1,2,0,2,0,0,1,0,2,0,2,0,2,1,1,2,1,3,0,2
site_820,6364.71098530657,7640.71832612874,,0,1,0,1,3,1,1,2,2,3,2,2,0,1,2,1,1,0,2,1,2,0,2,3,0,1,3,3,0,1
site_821,10246.5728546625,3504.73484003027,,0,0,0,2,1,0,1,1,3,1,1,0,0,2,0,1,0,3,3,0,2,1,2,3,3,1,3,2,3,1
site_822,9119.12362454212,1643.75567639779,,0,0,0,1,1,0,1,0,3,3,3,3,0,2,2,1,1,1,0,0,2,0,0,1,2,2,3,2,3,1
site_823,7448.59933663544,5968.43000721514,,0,1,0,3,1,1,1,2,2,3,2,2,0,2,2,0,1,1,2,1,2,0,2,1,1,2,3,3,0,2
site_824,10433.6744852564,2110.64780588443,family_1,1,0,0,1,1,0,1,1,3,1,3,1,0,2,2,1,0,3,2,1,1,0,0,3,0,0,0,2,2,3
site_825,5327.58012875512,2863.9627322978,,0,0,0,1,1,0,1,2,1,3,1,0,0,2,0,1,0,1,3,0,2,1,0,3,2,2,3,2,0,1
site_826,6369.13775362661,7641.96152797485,,0,1,0,1,3,2,3,2,2,0,1,2,0,2,0,0,1,3,2,1,2,0,2,1,1,2,1,2,1,2
site_827,3739.6041399943,7720.57137266903,,0,0,0,3,3,0,1,0,3,3,1,3,0,2,0,1,0,1,0,0,2,0,0,3,2,1,3,2,3,1
site_828,6288.50389516012,7649.44878076296,,0,0,0,3,1,1,1,1,2,0,1,2,0,1,0,0,1,0,2,1,2,0,2,1,1,0,3,2,0,2
site_829,10854.0269593236,1697.14107531858,,0,0,0,1,1,0,1,2,2,0,3,0,0,2,0,0,0,3,1,0,2,1,1,3,2,0,1,2,3,3
site_830,5987.6987350839,7951.45008531288,,0,0,0,3,3,2,1,1,2,2,1,0,0,2,0,0,0,1,0,0,2,1,2,3,0,2,3,2,3,1
site_831,4103.77830175184,7920.63180444775,,0,0,0,3,0,0,1,2,2,0,1,2,0,2,1,0,0,1,0,0,2,0,2,0,3,1,3,2,3,1
site_832,3914.28450354512,8819.84739453409,,0,0,0,2,1,0,1,1,1,1,1,3,2,2,0,1,0,1,0,0,2,1,0,2,0,2,1,2,3,1
site_833,9332.83952906274,4780.81139018393,,0,0,1,3,1,0,1,1,2,2,1,0,0,2,0,1,0,3,0,0,2,0,0,3,0,1,3,2,3,3
site_834,2839.0018763024,8060.32837675325,,0,0,0,3,3,2,1,2,2,3,1,0,0,2,2,0,0,1,3,0,0,0,2,3,0,1,0,2,3,2
site_835,2883.56211049266,8041.4878960427,,0,0,0,3,3,0,1,0,3,1,1,0,0,2,0,1,0,1,3,2,2,0,0,1,2,2,1,2,3,1
site_836,6294.29060415555,7715.01615857883,,0,1,0,3,1,1,1,3,2,3,2,2,0,1,2,0,1,0,2,1,2,0,2,2,0,1,3,0,0,2
site_837,6880.0152966783,7242.41726697173,,0,0,0,3,3,1,3,2,2,1,1,2,0,2,0,0,1,0,2,1,2,0,2,1,1,0,3,2,0,1
site_838,2588.93362155782,8724.81988679219,family_2,0,0,1,1,1,2,3,0,0,2,1,1,0,2,3,0,0,2,1,3,1,0,0,0,3,0,3,0,1,2
site_839,5117.33227200422,6660.37822709695,,0,0,0,1,1,0,1,0,2,2,3,3,0,2,0,0,0,1,3,0,2,1,1,2,1,2,0,2,3,1
site_840,3023.34220722142,10290.0122222939,,1,0,0,1,3,0,1,1,3,3,1,0,0,2,2,0,0,3,0,2,2,0,0,2,0,1,3,2,2,1
site_841,6916.76891240714,8516.58132441841,family_2,1,1,0,1,2,2,0,3,0,2,1,3,2,2,2,0,0,1,2,3,1,0,1,0,2,0,0,3,1,2
site_842,5122.82210786359,7333.93770069456,,0,0,0,1,1,0,1,1,0,2,1,0,0,2,2,0,0,1,0,1,2,0,0,3,2,1,3,2,3,1
site_843,5067.64090141498,8564.71674991285,,2,0,0,1,1,0,1,3,3,1,2,3,0,2,0,0,0,1,0,0,2,1,0,3,0,1,3,2,2,3
site_844,5807.02879374296,8163.85977134393,,0,0,0,1,0,1,1,3,2,0,1,3,0,2,0,0,0,1,0,0,2,0,2,2,0,2,3,0,3,3
site_845,2268.65716446043,7627.14834493996,,0,0,0,1,3,0,1,0,3,3,1,0,0,2,2,0,0,1,0,0,2,0,2,3,3,2,3,2,3,1
site_846,5994.65938531817,10203.9549630227,,0,0,0,3,1,0,1,3,0,3,3,0,0,2,0,0,1,1,0,2,2,0,2,3,0,1,3,0,3,1
site_847,6578.35256274783,7401.73399543987,,0,0,0,3,3,2,1,1,2,2,3,2,0,1,0,0,1,0,0,0,2,0,2,1,1,1,3,3,1,2
site_848,5369.20006472665,7793.42348087554,,1,0,0,3,1,0,1,0,3,3,1,3,0,2,0,1,0,1,0,0,2,0,0,2,0,1,0,2,3,1
site_849,7062.55317378499,6875.18776860477,,0,1,0,3,1,1,1,0,2,1,1,2,0,1,0,0,1,0,0,1,2,0,2,1,1,2,3,3,1,3
site_850,4872.19224165437,9567.98478515697,,0,0,0,3,1,0,1,0,0,2,3,3,0,2,2,1,0,1,1,0,2,0,2,3,2,1,3,2,3,1
site_851,8685.72571060357,4673.08997159979,,0,1,0,1,1,0,1,0,3,3,1,2,0,2,0,0,0,1,1,0,2,1,0,3,0,2,3,2,3,3
site_852,9915.18961543248,2971.75948503567,,0,0,0,1,1,0,1,0,2,3,1,0,3,2,2,0,0,0,0,0,2,1,0,1,2,2,3,2,3,1
site_853,7836.92668649508,9058.53431091102,family_1,0,0,0,3,1,1,1,3,3,2,3,2,0,2,2,1,0,1,2,1,1,0,1,2,0,1,0,2,1,0
site_854,7872.67801997287,9091.90222215695,,0,0,0,3,1,2,1,3,2,3,1,3,2,2,0,0,0,1,2,0,0,0,2,1,0,1,1,3,3,1
site_855,7956.09779808771,8977.49795502803,,0,0,0,3,1,0,1,0,2,2,1,2,0,2,0,0,0,1,1,0,1,1,0,1,0,1,3,2,3,3
site_856,7969.2066203629,8908.37871030431,,0,0,0,3,3,0,1,1,3,2,1,3,0,2,0,0,1,1,0,0,2,0,0,3,0,0,3,2,3,3
site_857,7981.12373152216,8815.42524326206,,0,0,0,3,1,0,1,1,3,2,1,0,0,2,0,1,0,1,1,0,2,1,0,2,3,1,3,2,3,1
site_858,8121.74564320146,9068.06799983843,,0,1,0,3,1,0,0,0,2,3,1,0,2,2,0,1,0,3,0,0,2,0,0,3,0,0,3,2,3,3
site_859,7771.38257511914,9155.06291130104,,1,0,0,1,1,1,1,1,2,2,1,3,2,2,2,1,0,1,0,0,2,1,0,3,3,2,3,2,3,1
site_860,7809.51733082878,9344.54497873332,,0,0,0,3,1,2,1,2,3,3,1,0,0,2,3,0,0,3,0,0,2,0,0,3,2,1,3,2,3,1
site_861,7922.72988684177,8606.87579797496,,0,0,0,1,3,0,1,0,2,0,1,0,0,2,2,0,0,1,3,0,2,1,0,3,2,1,0,2,3,1
site_862,7976.35688705845,8619.98462025015,,0,0,0,1,1,0,1,0,2,3,1,1,0,2,0,1,1,1,1,0,2,0,0,2,0,1,3,2,3,3
site_863,7784.49139739432,9079.98511099769,,1,0,0,1,1,0,1,3,2,2,1,0,0,2,2,1,0,2,3,0,0,0,2,0,0,1,3,2,3,3
site_864,8013.29993165217,9032.31666636064,,2,0,0,1,1,0,0,0,0,3,1,0,0,2,3,0,0,1,0,0,2,0,0,2,2,1,3,0,3,1
site_865,8085.99430972367,9127.65355563474,,0,0,0,2,1,0,1,1,3,2,1,2,0,2,2,1,0,1,3,2,2,0,2,3,0,1,3,2,3,1
site_866,7981.12373152216,8675.99504269868,,0,0,0,1,0,1,1,1,0,2,1,0,0,2,0,0,0,1,0,2,2,0,1,3,0,1,3,2,3,3
site_867,7989.46570933364,8746.30599853833,,0,1,0,3,1,1,1,1,3,3,2,3,0,2,2,0,0,0,1,0,0,1,0,3,3,1,3,2,3,1
site_868,7836.92668649508,9387.44657890667,,0,0,0,1,1,0,1,1,3,2,1,3,0,2,2,1,0,1,1,0,3,0,2,3,2,2,3,2,3,3
site_869,7779.72455293062,9282.57600070515,,0,0,0,3,3,0,1,1,2,1,1,0,0,0,2,0,0,1,0,2,2,0,2,3,0,1,1,2,3,3
site_870,8024.0253316955,9166.98002246031,,0,0,0,3,1,0,1,1,2,3,1,3,0,2,2,0,0,1,0,0,2,0,2,3,3,2,3,2,3,1
site_871,8074.07719856441,9054.95917756324,,0,0,0,3,1,0,3,1,1,1,1,3,2,2,3,0,1,1,0,0,2,1,2,0,2,2,3,2,3,1
site_872,7877.44486443657,9306.41022302368,,2,0,0,1,3,0,1,0,2,2,3,3,2,2,2,0,1,1,0,0,2,1,0,0,2,1,3,0,3,3
site_873,7894.12882005954,9149.10435572141,,0,0,0,3,1,0,1,3,3,2,1,3,0,2,0,0,0,1,3,0,2,0,2,0,2,0,3,2,3,3
site_874,7985.89057598586,9009.67415515804,family_2,2,0,0,2,1,0,3,3,1,2,1,3,0,2,0,0,0,1,2,0,1,0,0,1,2,0,3,0,1,3
site_875,7826.20128645174,9087.13537769325,,1,0,0,3,1,0,1,2,0,2,1,0,2,2,0,1,0,3,3,0,2,0,0,3,3,1,1,2,3,1
site_876,7794.02508632174,9314.75220083516,,0,0,0,1,3,0,1,0,3,1,1,3,0,2,2,1,0,1,3,0,2,0,2,0,0,1,3,0,3,1
site_877,7985.89057598586,9056.15088867916,,0,0,0,3,1,0,1,3,2,3,1,0,0,2,0,0,1,1,0,0,2,0,0,3,2,1,3,2,0,1
site_878,7795.21679743766,9188.43082254698,,0,0,0,1,3,0,1,1,3,3,1,0,0,2,0,0,0,1,0,0,2,0,0,3,1,1,3,2,3,1
site_879,7950.13924250808,8612.83435355459,,0,0,0,3,3,0,1,0,1,3,1,0,0,2,0,1,0,1,0,0,2,0,0,3,0,1,3,2,2,1
site_880,7873.8697310888,9037.08351082434,,0,0,0,1,1,0,3,3,2,3,1,0,0,2,0,0,0,3,0,0,2,1,0,2,0,1,3,2,3,1
site_881,7858.37748658175,9257.5500672707,,0,0,1,1,1,0,1,0,0,0,3,3,0,2,0,0,0,1,1,0,2,1,0,3,0,1,3,2,3,1
site_882,7857.18577546583,9346.92840096517,,0,0,0,1,1,0,1,1,3,0,1,0,0,2,0,0,0,1,0,0,2,0,0,3,0,2,3,2,0,3
site_883,8062.16008740515,9090.71051104102,,0,0,0,1,3,0,1,3,1,1,1,0,0,2,0,0,0,1,3,0,2,1,2,3,2,1,3,2,3,1
site_884,7770.19086400321,9114.54473335955,family_1,2,1,0,3,2,2,1,0,3,1,3,0,0,2,2,1,1,3,0,0,0,0,1,1,0,2,3,2,1,3
site_885,7934.64699800104,9007.29073292619,,0,0,0,3,1,0,1,1,3,2,1,2,0,2,0,0,0,1,0,0,2,0,0,3,2,1,0,2,2,1
site_886,7833.3515531473,9340.96984538554,,2,0,0,3,1,1,1,0,2,2,1,0,0,2,0,0,0,1,3,0,2,0,2,1,0,1,3,2,3,3
site_887,7827.39299756767,9374.33775663148,family_1,0,0,0,1,2,2,3,0,3,2,0,2,0,2,2,1,0,1,0,0,0,0,1,2,0,0,0,2,1,0
site_888,7913.19619791436,9075.21826653398,,0,0,0,3,3,0,1,3,2,2,1,0,0,2,0,1,0,1,0,0,2,0,0,3,2,1,3,2,2,1
site_889,7870.29459774102,9126.46184451881,,0,0,0,1,1,0,2,0,2,3,1,3,0,2,0,1,0,1,0,2,2,1,2,3,0,2,3,2,3,1
site_890,7834.54326426323,9250.39980057515,,0,0,0,3,3,0,2,0,2,1,3,0,0,2,2,1,0,2,2,0,2,1,2,1,2,0,3,2,3,3
site_891,7969.2066203629,8647.39397591645,,1,0,0,1,1,0,1,3,2,3,1,0,0,2,2,0,0,1,0,2,2,0,0,2,2,1,3,2,3,1
site_892,7995.42426491327,8791.59102094353,,2,1,0,1,1,0,2,2,3,1,1,0,2,2,0,0,0,0,0,0,2,0,2,3,0,1,3,2,3,3
site_893,7976.35688705845,8863.09368789911,,0,0,0,3,1,0,1,3,2,1,1,0,0,2,0,0,1,3,3,0,2,1,2,3,2,1,3,2,3,1
site_894,7973.9734648266,8710.55466506054,,0,0,0,3,1,2,1,1,3,2,1,0,0,2,0,1,0,1,0,0,2,0,2,3,2,1,3,2,0,1
site_895,7976.35688705845,8777.29048755242,,2,0,0,1,1,1,1,1,0,1,1,0,0,2,2,1,0,1,3,0,1,0,2,3,2,2,1,2,3,3
site_896,7977.54859817438,8940.55491043432,,0,0,0,3,1,0,2,0,3,3,1,0,0,2,0,0,1,1,0,0,2,1,0,3,0,1,3,2,3,1
site_897,7861.95261992953,9282.57600070515,,0,0,0,1,1,0,1,0,3,3,3,0,0,2,2,0,0,3,0,0,1,0,2,2,2,2,3,2,3,1
site_898,8157.49697667925,9043.04206640397,,0,0,0,1,1,0,3,1,3,3,1,0,0,2,0,0,0,1,3,2,2,1,0,2,2,1,3,2,3,3
site_899,8026.40875392736,9075.21826653398,,0,0,0,3,1,0,1,1,3,3,1,0,0,2,0,0,0,1,3,0,2,1,2,2,0,1,3,2,3,3
site_900,7719.60211794193,9019.56682813813,,0,0,0,3,1,0,1,0,2,2,3,3,0,2,2,1,0,1,3,2,2,1,0,3,0,2,3,2,0,3
site_901,7649.3594039504,9205.20828654431,,0,0,0,1,1,1,1,0,2,3,1,0,0,2,0,1,0,1,0,0,0,0,0,3,1,1,1,2,3,3
site_902,7729.63679136929,9466.10979565569,,0,0,0,3,1,0,1,0,2,3,3,3,0,2,0,0,0,1,0,2,2,0,1,3,0,1,3,0,3,3
site_903,7910.26091306178,8889.11607358244,,1,0,0,3,1,0,1,1,2,1,1,3,0,2,0,1,0,1,0,0,2,1,0,1,3,1,3,0,3,1
site_904,7810.63442907068,8988.70593467783,,0,0,0,3,1,0,1,0,0,3,3,0,0,2,0,1,0,3,3,0,2,0,0,2,0,2,3,2,3,1
site_905,7932.14919707061,9418.82963728079,,0,0,0,3,3,1,1,0,0,2,1,3,0,2,0,0,0,1,0,0,2,0,2,2,0,0,3,2,3,1
site_906,7748.91264215007,8957.84504121753,,0,0,0,1,3,2,1,0,3,1,3,3,0,2,2,0,0,1,3,0,0,0,1,3,0,2,3,2,3,1
site_907,7789.41756481672,9029.21085734448,,1,0,0,1,1,0,1,0,1,2,1,0,2,2,0,1,0,1,0,0,2,0,2,1,2,1,3,2,3,1
site_908,8805.89824316541,8982.91951715403,,0,0,0,3,1,0,1,1,0,1,0,3,0,2,0,0,0,1,0,0,2,0,1,3,0,1,3,2,3,3
site_909,7681.40443770566,8948.20101201118,,0,0,0,3,1,0,1,3,3,1,1,0,0,2,0,0,0,2,0,0,2,0,0,3,0,0,3,2,3,1
site_910,7712.26533116597,8909.62489518581,,0,0,0,1,1,0,1,1,2,1,1,3,0,2,0,0,0,1,0,0,2,1,0,2,2,1,3,2,3,1
site_911,7868.49860430874,9208.58980058248,,0,0,0,3,1,0,1,0,3,2,1,0,2,2,0,0,0,0,1,2,2,1,0,3,0,1,3,2,3,1
site_912,7827.9936816421,9158.44084870949,family_2,0,1,0,1,3,2,1,1,1,0,3,1,0,1,0,0,0,2,3,0,2,0,0,1,1,1,3,0,1,2
site_913,8055.59277091182,8633.80565988436,family_1,1,0,1,3,3,1,1,3,2,3,0,0,0,2,0,1,0,1,2,1,2,0,0,2,0,1,0,2,1,3
site_914,8015.08784824518,8656.95132997959,,0,0,0,2,3,1,1,0,2,2,3,3,0,2,0,0,0,1,3,0,2,0,0,2,0,1,3,2,3,1
site_915,7937.93561459442,9251.0235290904,,0,0,0,1,1,0,1,0,2,3,1,0,0,2,0,1,0,1,0,0,3,0,2,2,2,1,3,2,0,3
site_916,7874.28502183255,8955.91623537626,,0,0,0,3,1,0,1,3,2,3,1,0,0,2,0,1,0,0,0,0,0,0,2,3,0,1,3,2,3,1
site_917,8190.60917980064,9150.72562534442,,0,0,0,3,0,0,1,0,3,2,1,3,0,2,0,0,0,1,0,0,2,0,2,1,0,2,3,2,2,3
site_918,7569.53369891207,8826.68624401125,,0,0,0,1,1,0,1,1,3,1,1,0,0,2,0,0,0,1,0,0,2,1,0,2,0,1,3,2,3,1
site_919,7723.83816621358,9343.6062094713,,0,0,0,3,1,2,1,3,0,2,1,3,0,2,0,0,1,1,3,0,2,0,0,3,0,2,1,2,3,1
site_920,7897.43069192778,8676.23938839228,,0,0,1,1,1,0,1,0,0,0,1,0,0,2,0,0,0,3,3,0,2,0,0,0,2,1,0,2,3,1
site_921,8244.61574335617,8869.11997251916,,0,0,0,3,3,0,2,2,2,0,1,0,0,2,0,0,0,1,3,0,2,0,0,2,3,1,3,2,3,1
site_922,1894.13279549734,10127.0862036031,,0,0,0,3,1,0,1,1,3,2,1,3,2,2,2,1,0,1,3,0,2,0,0,2,2,1,3,3,3,3
site_923,1865.3368036676,9613.18850325682,,1,0,0,3,1,0,1,3,2,3,1,3,0,2,2,0,0,1,0,0,2,1,0,3,0,1,1,2,3,1
site_924,2012.63937725822,9715.08201280823,,0,0,0,3,1,0,1,0,2,3,1,3,0,2,1,0,0,3,0,0,3,1,0,3,2,1,3,2,3,1
site_925,2055.83336500284,9812.54536977045,,0,0,0,3,3,0,1,3,0,3,1,0,0,2,2,1,0,1,3,0,2,0,0,3,1,0,3,2,3,1
site_926,1957.26246989333,10055.0962240287,,2,0,1,3,1,0,1,3,0,1,0,3,0,2,3,0,0,1,3,0,0,1,0,1,2,1,3,2,3,0
site_927,1970.5529276609,9728.37247057581,,0,0,0,2,1,0,1,1,3,2,3,0,0,2,2,1,0,1,0,0,2,0,2,3,2,1,1,2,3,1
site_928,2003.77907207984,9975.35347742325,,0,0,0,3,1,0,1,0,2,3,1,0,2,2,2,0,0,1,0,2,2,0,2,3,2,1,3,2,0,1
site_929,2069.12382277042,9939.91225670971,,1,0,0,3,3,0,1,3,2,3,1,0,0,2,0,1,0,1,3,0,2,1,0,1,0,1,3,2,3,1
site_930,1997.13384319605,9667.45787247442,,0,0,0,1,3,0,1,0,2,1,3,0,0,2,0,0,0,1,3,0,2,0,1,3,0,1,3,2,2,3
site_931,1896.34787179194,9644.19957138117,,0,0,0,2,3,0,1,0,1,1,1,0,0,2,0,1,0,1,0,0,2,0,2,3,2,2,3,2,3,1
site_932,1919.6061728852,10068.3866817963,,0,0,0,3,3,0,1,0,0,3,1,3,0,2,0,0,0,1,1,0,2,0,2,3,2,2,3,2,3,1
site_933,2013.74691540552,9853.52428122048,,1,1,0,1,1,0,1,0,3,2,1,0,0,2,0,0,1,1,0,0,2,0,0,2,2,1,3,2,3,3
site_934,2009.31676281633,9770.45892017313,,0,0,0,3,1,0,1,3,3,3,1,3,0,2,2,0,0,2,3,2,2,0,0,3,1,1,3,2,3,1
site_935,1907.42325326492,10096.0751354787,,0,0,0,3,3,1,1,3,3,2,3,0,0,2,0,1,0,1,0,0,2,0,2,3,0,1,3,2,3,1
site_936,1946.18708842035,9708.43678392445,,1,1,1,1,1,0,1,2,2,2,3,0,0,2,0,0,0,1,3,0,2,0,2,3,0,1,3,2,3,1
site_937,2052.51075056095,9993.07408778002,,0,0,0,3,0,0,1,2,1,3,3,0,0,2,0,1,0,3,0,0,2,1,0,2,2,1,3,2,3,3
site_938,1960.58508433522,9994.18162592731,,0,0,0,1,3,1,1,2,3,0,1,0,0,2,0,0,0,3,0,0,0,0,1,3,2,1,3,2,3,1
site_939,1938.43432138926,10029.6228466408,,0,0,0,3,1,0,1,0,2,1,1,0,0,2,0,0,0,1,0,0,2,0,0,2,2,0,3,2,3,3
site_940,1961.69262248252,9773.78153461502,,2,1,0,3,1,0,0,0,0,3,3,3,0,2,0,1,0,1,2,0,2,0,0,2,2,1,1,2,3,1
site_941,1973.8755421028,9942.12733300431,,0,0,0,3,3,0,2,3,1,3,1,3,0,2,0,0,0,1,0,0,2,1,2,3,0,1,3,0,0,1
site_942,2083.52181868529,9870.13735342995,family_2,2,0,0,1,1,2,3,1,2,2,1,0,2,2,2,0,0,1,3,0,1,0,2,1,2,1,3,0,1,2
site_943,2063.58613203393,9757.16846240556,,0,0,0,1,1,0,1,1,2,3,1,3,0,2,2,0,0,1,3,0,2,0,0,1,2,1,3,2,2,1
site_944,2039.22029279337,9700.68401689336,,2,0,0,3,3,0,1,1,0,1,1,0,0,2,2,0,0,1,0,0,2,1,2,3,2,1,0,2,3,3
site_945,1999.34891949065,10081.6771395638,,0,0,0,3,1,0,1,3,3,1,1,3,0,2,0,1,0,1,1,0,2,0,0,2,0,1,3,3,2,1
site_946,1974.98308025009,9685.17848283119,,0,0,0,1,1,0,1,3,2,2,1,0,2,2,0,1,0,1,1,0,2,1,0,2,3,1,3,2,3,1
site_947,1928.46647806358,9676.31817765281,,0,0,0,3,1,0,1,0,2,2,1,0,0,2,2,1,0,1,3,2,2,1,2,3,2,1,3,2,3,1
site_948,2172.12487046913,9800.36245015017,,2,0,0,1,1,2,1,0,0,3,1,2,0,2,2,0,0,1,0,0,2,1,1,2,0,2,3,2,3,3
site_949,2134.468573461,9834.69613271641,,0,1,0,3,3,0,1,3,3,3,1,3,0,2,0,0,0,0,3,0,2,0,0,3,3,1,3,2,3,1
site_950,2132.2534971664,9929.94441338403,,0,1,0,1,3,0,1,2,3,3,1,0,0,2,0,0,0,3,3,0,2,1,2,3,0,1,1,2,3,3
